-- MySQL dump 10.13  Distrib 8.0.15, for Win64 (x86_64)
--
-- Host: localhost    Database: escng_totem
-- ------------------------------------------------------
-- Server version	8.0.15

/*!40101 SET @OLD_CHARACTER_SET_CLIENT=@@CHARACTER_SET_CLIENT */;
/*!40101 SET @OLD_CHARACTER_SET_RESULTS=@@CHARACTER_SET_RESULTS */;
/*!40101 SET @OLD_COLLATION_CONNECTION=@@COLLATION_CONNECTION */;
 SET NAMES utf8mb4 ;
/*!40103 SET @OLD_TIME_ZONE=@@TIME_ZONE */;
/*!40103 SET TIME_ZONE='+00:00' */;
/*!40014 SET @OLD_UNIQUE_CHECKS=@@UNIQUE_CHECKS, UNIQUE_CHECKS=0 */;
/*!40014 SET @OLD_FOREIGN_KEY_CHECKS=@@FOREIGN_KEY_CHECKS, FOREIGN_KEY_CHECKS=0 */;
/*!40101 SET @OLD_SQL_MODE=@@SQL_MODE, SQL_MODE='NO_AUTO_VALUE_ON_ZERO' */;
/*!40111 SET @OLD_SQL_NOTES=@@SQL_NOTES, SQL_NOTES=0 */;

--
-- Current Database: `escng_totem`
--

CREATE DATABASE /*!32312 IF NOT EXISTS*/ `escng_totem` /*!40100 DEFAULT CHARACTER SET utf8mb4 COLLATE utf8mb4_0900_ai_ci */;

USE `escng_totem`;

--
-- Table structure for table `category`
--

DROP TABLE IF EXISTS `category`;
/*!40101 SET @saved_cs_client     = @@character_set_client */;
 SET character_set_client = utf8mb4 ;
CREATE TABLE `category` (
  `id` int(11) NOT NULL AUTO_INCREMENT,
  `name` varchar(255) NOT NULL,
  `image` varchar(255) DEFAULT '',
  `status_id` int(11) DEFAULT '1',
  `created_at` datetime NOT NULL,
  `updated_at` datetime NOT NULL,
  PRIMARY KEY (`id`),
  UNIQUE KEY `category_name` (`name`)
) ENGINE=InnoDB AUTO_INCREMENT=7 DEFAULT CHARSET=utf8;
/*!40101 SET character_set_client = @saved_cs_client */;

--
-- Dumping data for table `category`
--

LOCK TABLES `category` WRITE;
/*!40000 ALTER TABLE `category` DISABLE KEYS */;
INSERT INTO `category` VALUES (1,'Carnes','c_1.png',1,'2019-02-17 13:00:11','2019-07-15 20:55:12'),(2,'Hamburguesas','c_2.png',1,'2019-02-17 13:00:25','2019-07-15 20:55:53'),(3,'Ensaladas','c_3.png',1,'2019-02-17 13:00:37','2019-07-15 20:55:27'),(4,'Fritas','c_4.png',1,'2019-02-17 13:00:48','2019-07-15 20:55:41'),(5,'Bebidas','c_5.png',1,'2019-02-17 13:01:00','2019-07-15 20:51:54'),(6,'Kids','c_6.png',1,'2019-02-17 13:01:10','2019-07-15 21:02:46');
/*!40000 ALTER TABLE `category` ENABLE KEYS */;
UNLOCK TABLES;

--
-- Table structure for table `config`
--

DROP TABLE IF EXISTS `config`;
/*!40101 SET @saved_cs_client     = @@character_set_client */;
 SET character_set_client = utf8mb4 ;
CREATE TABLE `config` (
  `id` int(11) NOT NULL AUTO_INCREMENT,
  `updates` tinyint(4) DEFAULT NULL,
  `created_at` datetime NOT NULL,
  `updated_at` datetime NOT NULL,
  PRIMARY KEY (`id`)
) ENGINE=InnoDB AUTO_INCREMENT=2 DEFAULT CHARSET=utf8;
/*!40101 SET character_set_client = @saved_cs_client */;

--
-- Dumping data for table `config`
--

LOCK TABLES `config` WRITE;
/*!40000 ALTER TABLE `config` DISABLE KEYS */;
INSERT INTO `config` VALUES (1,1,'2018-10-24 00:00:00','2018-11-04 21:49:35');
/*!40000 ALTER TABLE `config` ENABLE KEYS */;
UNLOCK TABLES;

--
-- Table structure for table `discount`
--

DROP TABLE IF EXISTS `discount`;
/*!40101 SET @saved_cs_client     = @@character_set_client */;
 SET character_set_client = utf8mb4 ;
CREATE TABLE `discount` (
  `id` int(11) NOT NULL AUTO_INCREMENT,
  `name` varchar(255) NOT NULL,
  `description` text NOT NULL,
  `percent` decimal(10,2) DEFAULT '0.00',
  `status_id` int(11) DEFAULT '2',
  `created_at` datetime NOT NULL,
  `updated_at` datetime NOT NULL,
  PRIMARY KEY (`id`)
) ENGINE=InnoDB AUTO_INCREMENT=2 DEFAULT CHARSET=utf8;
/*!40101 SET character_set_client = @saved_cs_client */;

--
-- Dumping data for table `discount`
--

LOCK TABLES `discount` WRITE;
/*!40000 ALTER TABLE `discount` DISABLE KEYS */;
/*!40000 ALTER TABLE `discount` ENABLE KEYS */;
UNLOCK TABLES;

--
-- Table structure for table `order`
--

DROP TABLE IF EXISTS `order`;
/*!40101 SET @saved_cs_client     = @@character_set_client */;
 SET character_set_client = utf8mb4 ;
CREATE TABLE `order` (
  `id` int(11) NOT NULL AUTO_INCREMENT,
  `totem_id` int(11) DEFAULT '0',
  `order_number` varchar(255) DEFAULT NULL,
  `total_price` decimal(10,2) DEFAULT '0.00',
  `discount` decimal(10,2) DEFAULT '0.00',
  `net_price` decimal(10,2) DEFAULT '0.00',
  `payment_method` int(11) DEFAULT '1',
  `order_printed` int(11) DEFAULT '0',
  `status_id` int(11) DEFAULT '0',
  `created_at` datetime NOT NULL,
  `updated_at` datetime NOT NULL,
  PRIMARY KEY (`id`),
  KEY `order_order_number` (`order_number`)
) ENGINE=InnoDB AUTO_INCREMENT=80 DEFAULT CHARSET=utf8;
/*!40101 SET character_set_client = @saved_cs_client */;

--
-- Dumping data for table `order`
--

LOCK TABLES `order` WRITE;
/*!40000 ALTER TABLE `order` DISABLE KEYS */;
INSERT INTO `order` VALUES (1,1,'00001',365.00,0.00,365.00,2,0,2,'2019-02-20 20:32:29','2019-02-26 19:12:40'),(2,1,'00002',215.00,0.00,215.00,2,0,2,'2019-02-20 23:19:35','2019-02-22 18:56:52'),(3,1,'00003',1085.00,0.00,1085.00,2,0,2,'2019-02-20 23:25:32','2019-02-22 18:46:32'),(4,0,'00004',0.00,0.00,0.00,2,0,2,'2019-02-20 23:37:29','2019-02-22 18:56:57'),(5,1,'00005',435.00,0.00,435.00,2,0,2,'2019-02-22 17:36:41','2019-02-26 19:12:49'),(6,1,'00006',215.00,0.00,215.00,2,0,2,'2019-02-22 18:51:59','2019-02-22 18:57:02'),(7,1,'00007',215.00,0.00,215.00,2,0,2,'2019-02-23 01:03:51','2019-02-26 19:15:25'),(8,1,'00008',215.00,0.00,215.00,2,0,2,'2019-02-23 09:56:50','2019-02-26 19:15:26'),(9,1,'00009',100.00,0.00,100.00,2,0,2,'2019-02-23 09:57:50','2019-02-26 19:15:26'),(10,1,'00010',230.00,0.00,230.00,2,0,2,'2019-02-23 09:59:09','2019-02-26 19:15:27'),(11,1,'00011',435.00,0.00,435.00,2,0,2,'2019-02-23 10:02:15','2019-02-26 19:15:28'),(12,1,'00012',215.00,0.00,215.00,2,0,2,'2019-02-23 11:07:57','2019-02-26 19:15:28'),(13,1,'00013',610.00,0.00,610.00,2,0,2,'2019-02-23 11:19:28','2019-02-26 19:15:29'),(14,1,'00014',570.00,0.00,570.00,2,0,2,'2019-02-23 12:44:16','2019-02-26 19:15:29'),(15,1,'00015',580.00,0.00,580.00,2,0,2,'2019-02-23 12:44:48','2019-02-26 19:15:30'),(16,1,'00016',580.00,0.00,580.00,2,0,2,'2019-02-23 12:47:48','2019-02-26 19:15:31'),(17,1,'00017',215.00,0.00,215.00,2,0,2,'2019-02-23 15:26:30','2019-02-26 19:15:31'),(18,1,'00018',230.00,0.00,230.00,2,0,2,'2019-02-23 15:28:19','2019-02-26 19:15:33'),(19,1,'00019',215.00,0.00,215.00,2,0,1,'2019-02-23 15:30:35','2019-02-26 19:14:25'),(20,1,'00020',215.00,0.00,215.00,2,0,1,'2019-02-23 15:33:24','2019-02-26 19:14:25'),(21,1,'00021',215.00,0.00,215.00,2,0,1,'2019-02-23 15:34:17','2019-02-26 19:14:31'),(22,1,'00022',215.00,0.00,215.00,2,0,1,'2019-02-23 15:35:35','2019-02-26 19:14:32'),(23,1,'00023',215.00,0.00,215.00,2,0,1,'2019-02-23 15:55:28','2019-02-26 19:14:33'),(24,1,'00024',215.00,0.00,215.00,2,0,1,'2019-02-23 16:03:35','2019-02-26 19:14:33'),(25,1,'00025',215.00,0.00,215.00,2,0,1,'2019-02-23 16:05:25','2019-02-26 19:14:34'),(26,1,'00026',215.00,0.00,215.00,2,0,1,'2019-02-23 16:06:03','2019-02-26 19:14:35'),(27,1,'00027',215.00,0.00,215.00,2,0,1,'2019-02-23 16:06:53','2019-02-26 19:14:37'),(28,1,'00028',215.00,0.00,215.00,2,0,1,'2019-02-23 16:07:42','2019-02-26 19:14:38'),(29,1,'00029',215.00,0.00,215.00,2,0,1,'2019-02-23 16:09:08','2019-02-26 19:14:39'),(30,1,'00030',215.00,0.00,215.00,2,0,1,'2019-02-23 16:14:51','2019-02-26 19:14:41'),(31,1,'00031',215.00,0.00,215.00,2,0,1,'2019-02-23 16:16:23','2019-02-26 19:14:46'),(32,1,'00032',215.00,0.00,215.00,2,0,1,'2019-02-23 16:19:46','2019-02-26 19:14:47'),(33,1,'00033',215.00,0.00,215.00,2,0,1,'2019-02-23 16:22:33','2019-02-26 19:14:48'),(34,1,'00034',215.00,0.00,215.00,2,0,1,'2019-02-23 16:27:42','2019-02-26 19:14:48'),(35,1,'00035',215.00,0.00,215.00,2,0,1,'2019-02-23 16:30:43','2019-02-26 19:14:49'),(36,1,'00036',215.00,0.00,215.00,2,0,1,'2019-02-23 16:31:24','2019-02-26 19:14:50'),(37,1,'00037',215.00,0.00,215.00,2,0,1,'2019-02-23 16:32:49','2019-02-26 19:14:51'),(38,1,'00038',215.00,0.00,215.00,2,0,1,'2019-02-23 16:34:04','2019-02-26 19:14:52'),(39,1,'00039',215.00,0.00,215.00,2,0,1,'2019-02-23 16:44:22','2019-02-26 19:14:53'),(40,1,'00040',215.00,0.00,215.00,2,0,1,'2019-02-23 16:46:40','2019-02-26 19:14:54'),(41,1,'00041',215.00,0.00,215.00,2,0,1,'2019-02-23 16:49:41','2019-02-26 19:14:55'),(42,1,'00042',215.00,0.00,215.00,2,0,1,'2019-02-23 16:53:06','2019-02-26 19:14:56'),(43,1,'00043',215.00,0.00,215.00,2,0,1,'2019-02-23 16:54:11','2019-02-26 19:14:57'),(44,1,'00044',215.00,0.00,215.00,2,0,1,'2019-02-23 16:54:29','2019-02-26 19:14:58'),(45,1,'00045',215.00,0.00,215.00,2,0,1,'2019-02-23 16:55:16','2019-02-26 19:16:11'),(46,1,'00046',215.00,0.00,215.00,2,0,1,'2019-02-23 16:56:56','2019-02-26 19:16:12'),(47,1,'00047',215.00,0.00,215.00,2,0,1,'2019-02-23 17:08:32','2019-02-26 19:16:13'),(48,1,'00048',215.00,0.00,215.00,2,0,1,'2019-02-23 17:10:30','2019-02-26 19:16:14'),(49,1,'00049',215.00,0.00,215.00,2,0,1,'2019-02-23 17:11:42','2019-02-26 19:16:15'),(50,1,'00050',215.00,0.00,215.00,2,0,1,'2019-02-23 17:15:14','2019-02-26 19:16:16'),(51,1,'00051',215.00,0.00,215.00,2,0,1,'2019-02-24 11:13:26','2019-02-26 19:16:20'),(52,1,'00052',215.00,0.00,215.00,2,0,1,'2019-02-24 11:47:37','2019-02-26 19:16:21'),(53,1,'00053',215.00,0.00,215.00,2,0,1,'2019-02-24 12:02:08','2019-02-26 19:16:22'),(54,1,'00054',215.00,0.00,215.00,2,0,1,'2019-02-24 13:10:21','2019-02-26 19:16:22'),(55,1,'00055',45.00,0.00,45.00,2,0,1,'2019-02-24 15:11:22','2019-02-26 19:16:23'),(56,1,'00056',215.00,0.00,215.00,2,0,1,'2019-02-24 16:36:15','2019-02-26 19:16:23'),(57,1,'00057',215.00,0.00,215.00,2,0,1,'2019-02-24 17:44:01','2019-02-26 19:16:25'),(58,1,'00058',215.00,0.00,215.00,2,0,1,'2019-02-24 17:45:00','2019-02-26 19:16:26'),(59,1,'00059',215.00,0.00,215.00,2,0,1,'2019-02-24 17:51:43','2019-02-26 19:16:26'),(60,1,'00060',215.00,0.00,215.00,2,0,2,'2019-02-24 17:56:22','2019-03-16 16:24:02'),(61,1,'00061',215.00,0.00,215.00,1,0,0,'2019-03-07 00:53:02','2019-03-07 00:53:02'),(62,1,'00062',215.00,0.00,215.00,1,0,0,'2019-03-07 00:54:31','2019-03-07 00:54:31'),(63,1,'00063',140.00,0.00,140.00,1,0,0,'2019-03-07 01:01:14','2019-03-07 01:01:14'),(64,1,'00064',58.00,0.00,58.00,1,0,0,'2019-03-07 01:01:46','2019-03-07 01:01:47'),(65,1,'00065',105.00,0.00,105.00,1,0,0,'2019-03-07 01:03:10','2019-03-07 01:03:10'),(66,1,'00066',105.00,0.00,105.00,1,0,0,'2019-03-07 01:05:12','2019-03-07 01:05:12'),(67,1,'00067',215.00,0.00,215.00,1,0,0,'2019-03-07 01:09:17','2019-03-07 01:09:17'),(68,1,'00068',215.00,0.00,215.00,1,0,0,'2019-03-07 01:27:05','2019-03-07 01:27:05'),(69,1,'00069',215.00,0.00,215.00,1,0,0,'2019-03-07 01:48:43','2019-03-07 01:48:43'),(70,1,'00070',215.00,0.00,215.00,1,0,0,'2019-03-07 01:49:32','2019-03-07 01:49:32'),(71,1,'00071',215.00,0.00,215.00,1,0,0,'2019-03-07 01:51:37','2019-03-07 01:51:37'),(72,1,'00072',215.00,0.00,215.00,1,0,0,'2019-03-07 01:54:44','2019-03-07 01:54:44'),(73,1,'00073',105.00,0.00,105.00,1,0,0,'2019-03-07 02:00:08','2019-03-07 02:00:08'),(74,1,'00074',215.00,0.00,215.00,2,0,2,'2019-03-08 00:33:37','2019-03-08 00:47:13'),(75,1,'00075',215.00,0.00,215.00,1,0,0,'2019-03-08 00:39:48','2019-03-08 00:39:48'),(76,1,'00076',140.00,0.00,140.00,1,0,0,'2019-03-08 00:42:43','2019-03-08 00:42:43'),(77,1,'00077',215.00,0.00,215.00,2,1,2,'2019-03-08 00:47:36','2019-03-08 00:48:01'),(78,1,'00078',225.00,0.00,225.00,2,1,2,'2019-03-08 00:51:02','2019-03-08 00:52:11'),(79,1,'00079',475.00,0.00,475.00,2,0,2,'2019-03-08 01:03:12','2019-03-16 16:23:54');
/*!40000 ALTER TABLE `order` ENABLE KEYS */;
UNLOCK TABLES;

--
-- Table structure for table `order_items`
--

DROP TABLE IF EXISTS `order_items`;
/*!40101 SET @saved_cs_client     = @@character_set_client */;
 SET character_set_client = utf8mb4 ;
CREATE TABLE `order_items` (
  `id` int(11) NOT NULL AUTO_INCREMENT,
  `order_id` int(11) DEFAULT NULL,
  `product_id` int(11) DEFAULT NULL,
  `product_name` varchar(255) DEFAULT NULL,
  `quantity` int(11) DEFAULT NULL,
  `kitchen_text` varchar(255) DEFAULT NULL,
  `ticket_text` varchar(255) DEFAULT NULL,
  `unit_price` decimal(10,2) DEFAULT '0.00',
  `total_price` decimal(10,2) DEFAULT '0.00',
  `discount` decimal(10,2) DEFAULT '0.00',
  `net_price` decimal(10,2) DEFAULT '0.00',
  `status_id` int(11) DEFAULT '0',
  `created_at` datetime NOT NULL,
  `updated_at` datetime NOT NULL,
  PRIMARY KEY (`id`),
  KEY `order_items_order_id` (`order_id`)
) ENGINE=InnoDB AUTO_INCREMENT=98 DEFAULT CHARSET=utf8;
/*!40101 SET character_set_client = @saved_cs_client */;

--
-- Dumping data for table `order_items`
--

LOCK TABLES `order_items` WRITE;
/*!40000 ALTER TABLE `order_items` DISABLE KEYS */;
INSERT INTO `order_items` VALUES (1,2,1,'CLASSIC LT',1,'CLASSIC LT','COMBO CLASSIC L/T C/AGUA SIN GAS',215.00,215.00,0.00,215.00,1,'2019-02-20 23:19:35','2019-02-22 18:45:29'),(2,3,1,'CLASSIC LT',4,'CLASSIC LT','COMBO CLASSIC L/T C/LATA IMPERIAL NEGRA',215.00,860.00,0.00,860.00,1,'2019-02-20 23:25:32','2019-02-22 18:45:27'),(3,3,2,'BROOKLYN',1,'BROOKLYN','COMBO BROOKLYN C/LATA HEINEKEN',225.00,225.00,0.00,225.00,1,'2019-02-20 23:25:32','2019-02-22 18:45:33'),(4,4,1,'CLASSIC LT',4,'CLASSIC LT','COMBO CLASSIC L/T C/ADIC. AGUA SABORIZADA',215.00,860.00,0.00,860.00,1,'2019-02-20 23:37:30','2019-02-22 17:37:48'),(5,4,6,'POLLO CRUNCHY',1,'POLLO CRUNCHY','COMBO POLLO CRUNCH C/ADIC. AGUA SABORIZADA',220.00,220.00,0.00,220.00,1,'2019-02-20 23:37:30','2019-02-22 17:37:49'),(6,4,1,'CLASSIC LT',NULL,'CLASSIC LT','COMBO CLASSIC L/T C/ADIC. AGUA SABORIZADA',215.00,0.00,0.00,0.00,1,'2019-02-20 23:37:30','2019-02-22 17:37:43'),(7,4,1,'CLASSIC LT',NULL,'CLASSIC LT','COMBO CLASSIC L/T C/LATA IMPERIAL NEGRA',215.00,0.00,0.00,0.00,1,'2019-02-20 23:37:30','2019-02-22 17:37:44'),(8,4,1,'CLASSIC LT',NULL,'CLASSIC LT','COMBO CLASSIC L/T C/ADIC. AGUA SABORIZADA',215.00,0.00,0.00,0.00,1,'2019-02-20 23:37:30','2019-02-22 17:37:46'),(9,4,2,'BROOKLYN',1,'BROOKLYN','COMBO BROOKLYN C/LATA HEINEKEN',225.00,225.00,0.00,225.00,1,'2019-02-20 23:37:30','2019-02-22 17:37:51'),(10,4,3,'BESTIA',1,'BESTIA','COMBO BROOKLYN C/COCA COLA CHICA',215.00,215.00,0.00,215.00,1,'2019-02-20 23:37:30','2019-02-22 17:37:52'),(11,5,1,'CLASSIC LT',1,'CLASSIC LT','COMBO CLASSIC L/T C/ADIC. AGUA SABORIZADA',215.00,215.00,0.00,215.00,1,'2019-02-22 17:36:41','2019-02-22 18:56:30'),(12,5,6,'POLLO CRUNCHY',1,'POLLO CRUNCHY','COMBO POLLO CRUNCH C/SPRITE MEDIANA',220.00,220.00,0.00,220.00,1,'2019-02-22 17:36:41','2019-02-22 18:56:27'),(13,6,3,'BESTIA',1,'BESTIA','COMBO BROOKLYN C/COCA COLA MEDIANA',215.00,215.00,0.00,215.00,1,'2019-02-22 18:51:59','2019-02-22 18:56:34'),(14,7,1,'CLASSIC LT',1,'CLASSIC LT','COMBO CLASSIC L/T C/AGUA SIN GAS',215.00,215.00,0.00,215.00,0,'2019-02-23 01:03:51','2019-02-23 01:03:51'),(15,8,1,'CLASSIC LT',1,'CLASSIC LT','COMBO CLASSIC L/T C/COCA COLA MEDIANA',215.00,215.00,0.00,215.00,0,'2019-02-23 09:56:50','2019-02-23 09:56:50'),(16,9,31,'BAHIENSE L/T',1,'JUNIOR L/T','BAHIENSE L/T C/LATA HEINEKEN',100.00,100.00,0.00,100.00,0,'2019-02-23 09:57:50','2019-02-23 09:57:50'),(17,10,4,'JOTAQU',1,'JOTAQU','COMBO JOTAQU C/LATA HEINEKEN',230.00,230.00,0.00,230.00,0,'2019-02-23 09:59:09','2019-02-23 09:59:09'),(18,11,1,'CLASSIC LT',1,'CLASSIC LT','COMBO CLASSIC L/T C/JUGO CEPITA',215.00,215.00,0.00,215.00,0,'2019-02-23 10:02:15','2019-02-23 10:02:15'),(19,11,6,'POLLO CRUNCHY',1,'POLLO CRUNCHY','COMBO POLLO CRUNCH C/JUGO ADES',220.00,220.00,0.00,220.00,0,'2019-02-23 10:02:15','2019-02-23 10:02:15'),(20,12,1,'CLASSIC LT',1,'CLASSIC LT','COMBO CLASSIC L/T C/ADIC. AGUA SABORIZADA',215.00,215.00,0.00,215.00,0,'2019-02-23 11:07:57','2019-02-23 11:07:57'),(21,13,1,'CLASSIC LT',1,'CLASSIC LT','COMBO CLASSIC L/T C/AGUA SIN GAS',215.00,215.00,0.00,215.00,0,'2019-02-23 11:19:28','2019-02-23 11:19:28'),(22,13,3,'BESTIA',1,'BESTIA','COMBO BROOKLYN C/LATA HEINEKEN',215.00,215.00,0.00,215.00,0,'2019-02-23 11:19:28','2019-02-23 11:19:28'),(23,13,34,'ENSALADA VERDE',1,'','ENSALADA VERDE',140.00,140.00,0.00,140.00,0,'2019-02-23 11:19:28','2019-02-23 11:19:28'),(24,13,46,'COCA COLA CHICA',1,'','COCA COLA CHICA',40.00,40.00,0.00,40.00,0,'2019-02-23 11:19:28','2019-02-23 11:19:28'),(25,14,1,'CLASSIC LT',1,'CLASSIC LT','COMBO CLASSIC L/T C/AGUA SABORIZADA',215.00,215.00,0.00,215.00,0,'2019-02-23 12:44:16','2019-02-23 12:44:16'),(26,14,3,'BESTIA',1,'BESTIA','COMBO BROOKLYN C/LATA IMPERIAL NEGRA',215.00,215.00,0.00,215.00,0,'2019-02-23 12:44:16','2019-02-23 12:44:16'),(27,14,34,'ENSALADA VERDE',1,'','ENSALADA VERDE',140.00,140.00,0.00,140.00,0,'2019-02-23 12:44:16','2019-02-23 12:44:16'),(28,15,1,'CLASSIC LT',1,'CLASSIC LT','COMBO CLASSIC L/T C/ADIC. AGUA SABORIZADA',215.00,215.00,0.00,215.00,0,'2019-02-23 12:44:48','2019-02-23 12:44:48'),(29,15,2,'BROOKLYN',1,'BROOKLYN','COMBO BROOKLYN C/AGUA SABORIZADA',225.00,225.00,0.00,225.00,0,'2019-02-23 12:44:48','2019-02-23 12:44:48'),(30,15,34,'ENSALADA VERDE',1,'','ENSALADA VERDE',140.00,140.00,0.00,140.00,0,'2019-02-23 12:44:48','2019-02-23 12:44:48'),(31,16,1,'CLASSIC LT',1,'CLASSIC LT','COMBO CLASSIC L/T C/AGUA SIN GAS',215.00,215.00,0.00,215.00,0,'2019-02-23 12:47:48','2019-02-23 12:47:48'),(32,16,2,'BROOKLYN',1,'BROOKLYN','COMBO BROOKLYN C/LATA HEINEKEN',225.00,225.00,0.00,225.00,0,'2019-02-23 12:47:48','2019-02-23 12:47:48'),(33,16,34,'ENSALADA VERDE',1,'','ENSALADA VERDE',140.00,140.00,0.00,140.00,0,'2019-02-23 12:47:48','2019-02-23 12:47:48'),(34,17,1,'CLASSIC LT',1,'CLASSIC LT','COMBO CLASSIC L/T C/LATA HEINEKEN',215.00,215.00,0.00,215.00,0,'2019-02-23 15:26:30','2019-02-23 15:26:30'),(35,18,4,'JOTAQU',1,'JOTAQU','COMBO JOTAQU C/FANTA NARANJA MEDIANA',230.00,230.00,0.00,230.00,0,'2019-02-23 15:28:19','2019-02-23 15:28:19'),(36,19,1,'CLASSIC LT',1,'CLASSIC LT','COMBO CLASSIC L/T C/AGUA SABORIZADA',215.00,215.00,0.00,215.00,1,'2019-02-23 15:30:35','2019-03-08 00:48:32'),(37,20,1,'CLASSIC LT',1,'CLASSIC LT','COMBO CLASSIC L/T C/AGUA SABORIZADA',215.00,215.00,0.00,215.00,1,'2019-02-23 15:33:24','2019-03-08 00:48:35'),(38,21,1,'CLASSIC LT',1,'CLASSIC LT','COMBO CLASSIC L/T C/AGUA SABORIZADA',215.00,215.00,0.00,215.00,1,'2019-02-23 15:34:17','2019-03-08 00:48:37'),(39,22,1,'CLASSIC LT',1,'CLASSIC LT','COMBO CLASSIC L/T C/AGUA SABORIZADA',215.00,215.00,0.00,215.00,1,'2019-02-23 15:35:35','2019-03-08 00:49:09'),(40,23,1,'CLASSIC LT',1,'CLASSIC LT','COMBO CLASSIC L/T C/AGUA SABORIZADA',215.00,215.00,0.00,215.00,1,'2019-02-23 15:55:28','2019-03-08 00:49:15'),(41,24,1,'CLASSIC LT',1,'CLASSIC LT','COMBO CLASSIC L/T C/AGUA SABORIZADA',215.00,215.00,0.00,215.00,1,'2019-02-23 16:03:35','2019-03-08 00:49:29'),(42,25,1,'CLASSIC LT',1,'CLASSIC LT','COMBO CLASSIC L/T C/AGUA SABORIZADA',215.00,215.00,0.00,215.00,1,'2019-02-23 16:05:25','2019-03-08 00:49:27'),(43,26,1,'CLASSIC LT',1,'CLASSIC LT','COMBO CLASSIC L/T C/AGUA SABORIZADA',215.00,215.00,0.00,215.00,1,'2019-02-23 16:06:03','2019-03-08 00:49:31'),(44,27,1,'CLASSIC LT',1,'CLASSIC LT','COMBO CLASSIC L/T C/AGUA SABORIZADA',215.00,215.00,0.00,215.00,1,'2019-02-23 16:06:53','2019-03-08 00:49:31'),(45,28,1,'CLASSIC LT',1,'CLASSIC LT','COMBO CLASSIC L/T C/AGUA SABORIZADA',215.00,215.00,0.00,215.00,1,'2019-02-23 16:07:42','2019-03-08 00:49:31'),(46,29,1,'CLASSIC LT',1,'CLASSIC LT','COMBO CLASSIC L/T C/AGUA SABORIZADA',215.00,215.00,0.00,215.00,1,'2019-02-23 16:09:08','2019-03-08 00:49:31'),(47,30,1,'CLASSIC LT',1,'CLASSIC LT','COMBO CLASSIC L/T C/AGUA SABORIZADA',215.00,215.00,0.00,215.00,1,'2019-02-23 16:14:51','2019-03-08 00:49:31'),(48,31,1,'CLASSIC LT',1,'CLASSIC LT','COMBO CLASSIC L/T C/AGUA SABORIZADA',215.00,215.00,0.00,215.00,1,'2019-02-23 16:16:23','2019-03-08 00:49:31'),(49,32,1,'CLASSIC LT',1,'CLASSIC LT','COMBO CLASSIC L/T C/AGUA SABORIZADA',215.00,215.00,0.00,215.00,1,'2019-02-23 16:19:46','2019-03-08 00:49:32'),(50,33,1,'CLASSIC LT',1,'CLASSIC LT','COMBO CLASSIC L/T C/AGUA SABORIZADA',215.00,215.00,0.00,215.00,1,'2019-02-23 16:22:33','2019-03-08 00:49:32'),(51,34,1,'CLASSIC LT',1,'CLASSIC LT','COMBO CLASSIC L/T C/AGUA SABORIZADA',215.00,215.00,0.00,215.00,1,'2019-02-23 16:27:42','2019-03-08 00:49:32'),(52,35,1,'CLASSIC LT',1,'CLASSIC LT','COMBO CLASSIC L/T C/AGUA SABORIZADA',215.00,215.00,0.00,215.00,1,'2019-02-23 16:30:43','2019-03-08 00:49:32'),(53,36,1,'CLASSIC LT',1,'CLASSIC LT','COMBO CLASSIC L/T C/AGUA SABORIZADA',215.00,215.00,0.00,215.00,1,'2019-02-23 16:31:24','2019-03-08 00:49:51'),(54,37,1,'CLASSIC LT',1,'CLASSIC LT','COMBO CLASSIC L/T C/AGUA SABORIZADA',215.00,215.00,0.00,215.00,1,'2019-02-23 16:32:49','2019-03-08 00:49:33'),(55,38,1,'CLASSIC LT',1,'CLASSIC LT','COMBO CLASSIC L/T C/AGUA SABORIZADA',215.00,215.00,0.00,215.00,1,'2019-02-23 16:34:04','2019-03-08 00:49:33'),(56,39,1,'CLASSIC LT',1,'CLASSIC LT','COMBO CLASSIC L/T C/AGUA SABORIZADA',215.00,215.00,0.00,215.00,1,'2019-02-23 16:44:22','2019-03-08 00:49:33'),(57,40,1,'CLASSIC LT',1,'CLASSIC LT','COMBO CLASSIC L/T C/AGUA SABORIZADA',215.00,215.00,0.00,215.00,1,'2019-02-23 16:46:40','2019-03-08 00:49:33'),(58,41,1,'CLASSIC LT',1,'CLASSIC LT','COMBO CLASSIC L/T C/AGUA SABORIZADA',215.00,215.00,0.00,215.00,1,'2019-02-23 16:49:41','2019-03-08 00:49:33'),(59,42,1,'CLASSIC LT',1,'CLASSIC LT','COMBO CLASSIC L/T C/AGUA SABORIZADA',215.00,215.00,0.00,215.00,1,'2019-02-23 16:53:06','2019-03-08 00:49:53'),(60,43,1,'CLASSIC LT',1,'CLASSIC LT','COMBO CLASSIC L/T C/AGUA SABORIZADA',215.00,215.00,0.00,215.00,1,'2019-02-23 16:54:11','2019-03-08 00:49:34'),(61,44,1,'CLASSIC LT',1,'CLASSIC LT','COMBO CLASSIC L/T C/AGUA SABORIZADA',215.00,215.00,0.00,215.00,1,'2019-02-23 16:54:29','2019-03-08 00:49:34'),(62,45,1,'CLASSIC LT',1,'CLASSIC LT','COMBO CLASSIC L/T C/AGUA SABORIZADA',215.00,215.00,0.00,215.00,1,'2019-02-23 16:55:16','2019-03-08 00:49:34'),(63,46,1,'CLASSIC LT',1,'CLASSIC LT','COMBO CLASSIC L/T C/AGUA SABORIZADA',215.00,215.00,0.00,215.00,1,'2019-02-23 16:56:56','2019-03-08 00:49:34'),(64,47,1,'CLASSIC LT',1,'CLASSIC LT','COMBO CLASSIC L/T C/AGUA SABORIZADA',215.00,215.00,0.00,215.00,1,'2019-02-23 17:08:32','2019-03-08 00:49:54'),(65,48,1,'CLASSIC LT',1,'CLASSIC LT','COMBO CLASSIC L/T C/AGUA SABORIZADA',215.00,215.00,0.00,215.00,1,'2019-02-23 17:10:30','2019-03-08 00:49:55'),(66,49,1,'CLASSIC LT',1,'CLASSIC LT','COMBO CLASSIC L/T C/AGUA SABORIZADA',215.00,215.00,0.00,215.00,1,'2019-02-23 17:11:42','2019-03-08 00:49:56'),(67,50,1,'CLASSIC LT',1,'CLASSIC LT','COMBO CLASSIC L/T C/AGUA SABORIZADA',215.00,215.00,0.00,215.00,1,'2019-02-23 17:15:14','2019-03-08 00:49:40'),(68,51,1,'CLASSIC LT',1,'CLASSIC LT','COMBO CLASSIC L/T C/ADIC. AGUA SABORIZADA',215.00,215.00,0.00,215.00,1,'2019-02-24 11:13:26','2019-03-08 00:49:40'),(69,52,1,'CLASSIC LT',1,'CLASSIC LT','COMBO CLASSIC L/T C/ADIC. AGUA SABORIZADA',215.00,215.00,0.00,215.00,1,'2019-02-24 11:47:37','2019-03-08 00:49:40'),(70,53,1,'CLASSIC LT',1,'CLASSIC LT','COMBO CLASSIC L/T C/AGUA SIN GAS',215.00,215.00,0.00,215.00,1,'2019-02-24 12:02:08','2019-03-08 00:49:40'),(71,54,1,'CLASSIC LT',1,'CLASSIC LT','COMBO CLASSIC L/T C/ADIC. AGUA SABORIZADA',215.00,215.00,0.00,215.00,1,'2019-02-24 13:10:21','2019-03-08 00:49:40'),(72,55,38,'AGUA SABORIZADA',1,'','AGUA SABORIZADA',45.00,45.00,0.00,45.00,1,'2019-02-24 15:11:22','2019-03-08 00:49:41'),(73,56,1,'CLASSIC LT',1,'CLASSIC LT','COMBO CLASSIC L/T C/AGUA SIN GAS',215.00,215.00,0.00,215.00,1,'2019-02-24 16:36:15','2019-03-08 00:49:41'),(74,57,1,'CLASSIC LT',1,'CLASSIC LT','COMBO CLASSIC L/T C/AGUA SIN GAS',215.00,215.00,0.00,215.00,1,'2019-02-24 17:44:01','2019-03-08 00:49:41'),(75,58,1,'CLASSIC LT',1,'CLASSIC LT','COMBO CLASSIC L/T C/AGUA SIN GAS',215.00,215.00,0.00,215.00,1,'2019-02-24 17:45:00','2019-03-08 00:49:41'),(76,59,1,'CLASSIC LT',1,'CLASSIC LT','COMBO CLASSIC L/T C/AGUA SIN GAS',215.00,215.00,0.00,215.00,1,'2019-02-24 17:51:43','2019-03-08 00:48:46'),(77,60,1,'CLASSIC LT',1,'CLASSIC LT','COMBO CLASSIC L/T C/ADIC. AGUA SABORIZADA',215.00,215.00,0.00,215.00,1,'2019-02-24 17:56:22','2019-03-08 00:48:42'),(78,61,1,'CLASSIC LT',1,'CLASSIC LT','COMBO CLASSIC L/T C/ADIC. AGUA SABORIZADA',215.00,215.00,0.00,215.00,0,'2019-03-07 00:53:02','2019-03-07 00:53:02'),(79,62,1,'CLASSIC LT',1,'CLASSIC LT','COMBO CLASSIC L/T C/LATA IMPERIAL NEGRA',215.00,215.00,0.00,215.00,0,'2019-03-07 00:54:31','2019-03-07 00:54:31'),(80,63,34,'ENSALADA VERDE',1,'','ENSALADA VERDE',140.00,140.00,0.00,140.00,0,'2019-03-07 01:01:14','2019-03-07 01:01:14'),(81,64,21,'PAPAS CRINKLE',1,'','PAPAS CRINKLE',58.00,58.00,0.00,58.00,0,'2019-03-07 01:01:47','2019-03-07 01:01:47'),(82,65,19,'PAPAS GUAPAS',1,'','PAPAS GUAPAS',105.00,105.00,0.00,105.00,0,'2019-03-07 01:03:10','2019-03-07 01:03:10'),(83,66,19,'PAPAS GUAPAS',1,'','PAPAS GUAPAS',105.00,105.00,0.00,105.00,0,'2019-03-07 01:05:12','2019-03-07 01:05:12'),(84,67,1,'CLASSIC LT',1,'CLASSIC LT','COMBO CLASSIC L/T C/LATA HEINEKEN',215.00,215.00,0.00,215.00,0,'2019-03-07 01:09:17','2019-03-07 01:09:17'),(85,68,1,'CLASSIC LT',1,'CLASSIC LT','COMBO CLASSIC L/T C/AGUA SIN GAS',215.00,215.00,0.00,215.00,0,'2019-03-07 01:27:05','2019-03-07 01:27:05'),(86,69,1,'CLASSIC LT',1,'CLASSIC LT','COMBO CLASSIC L/T C/LATA IMPERIAL NEGRA',215.00,215.00,0.00,215.00,0,'2019-03-07 01:48:43','2019-03-07 01:48:43'),(87,70,1,'CLASSIC LT',1,'CLASSIC LT','COMBO CLASSIC L/T C/ADIC. AGUA SABORIZADA',215.00,215.00,0.00,215.00,0,'2019-03-07 01:49:32','2019-03-07 01:49:32'),(88,71,1,'CLASSIC LT',1,'CLASSIC LT','COMBO CLASSIC L/T C/ADIC. AGUA SABORIZADA',215.00,215.00,0.00,215.00,0,'2019-03-07 01:51:37','2019-03-07 01:51:37'),(89,72,1,'CLASSIC LT',1,'CLASSIC LT','COMBO CLASSIC L/T C/LATA IMPERIAL NEGRA',215.00,215.00,0.00,215.00,0,'2019-03-07 01:54:44','2019-03-07 01:54:44'),(90,73,19,'PAPAS GUAPAS',1,'','PAPAS GUAPAS',105.00,105.00,0.00,105.00,0,'2019-03-07 02:00:08','2019-03-07 02:00:08'),(91,74,1,'CLASSIC LT',1,'CLASSIC LT','COMBO CLASSIC L/T C/ADIC. AGUA SABORIZADA',215.00,215.00,0.00,215.00,0,'2019-03-08 00:33:37','2019-03-08 00:33:37'),(92,75,1,'CLASSIC LT',1,'CLASSIC LT','COMBO CLASSIC L/T C/COCA COLA MEDIANA',215.00,215.00,0.00,215.00,0,'2019-03-08 00:39:48','2019-03-08 00:39:48'),(93,76,34,'ENSALADA VERDE',1,'','ENSALADA VERDE',140.00,140.00,0.00,140.00,0,'2019-03-08 00:42:43','2019-03-08 00:42:43'),(94,77,1,'CLASSIC LT',1,'CLASSIC LT','COMBO CLASSIC L/T C/ADIC. AGUA SABORIZADA',215.00,215.00,0.00,215.00,0,'2019-03-08 00:47:36','2019-03-08 00:47:36'),(95,78,2,'BROOKLYN',1,'BROOKLYN','COMBO BROOKLYN C/COCA COLA MEDIANA',225.00,225.00,0.00,225.00,1,'2019-03-08 00:51:02','2019-03-08 00:52:02'),(96,79,6,'POLLO CRUNCHY',1,'POLLO CRUNCHY','COMBO POLLO CRUNCH C/ADIC. AGUA SABORIZADA',220.00,220.00,0.00,220.00,1,'2019-03-08 01:03:12','2019-03-08 01:09:26'),(97,79,8,'LOMO MATADOR',1,'LOMO MATADOR','COMBO MATADOR C/FANTA NARANJA CHICA',255.00,255.00,0.00,255.00,1,'2019-03-08 01:03:12','2019-03-08 01:09:29');
/*!40000 ALTER TABLE `order_items` ENABLE KEYS */;
UNLOCK TABLES;

--
-- Table structure for table `printer_error`
--

DROP TABLE IF EXISTS `printer_error`;
/*!40101 SET @saved_cs_client     = @@character_set_client */;
 SET character_set_client = utf8mb4 ;
CREATE TABLE `printer_error` (
  `id` int(11) NOT NULL AUTO_INCREMENT,
  `orderNumber` varchar(255) DEFAULT '',
  `printerId` int(11) DEFAULT NULL,
  `printerInteface` varchar(255) DEFAULT '',
  `printerName` varchar(255) DEFAULT '',
  `errorMessage` varchar(255) DEFAULT '',
  `created_at` datetime NOT NULL,
  `updated_at` datetime NOT NULL,
  PRIMARY KEY (`id`)
) ENGINE=InnoDB DEFAULT CHARSET=utf8;
/*!40101 SET character_set_client = @saved_cs_client */;

--
-- Dumping data for table `printer_error`
--

LOCK TABLES `printer_error` WRITE;
/*!40000 ALTER TABLE `printer_error` DISABLE KEYS */;
/*!40000 ALTER TABLE `printer_error` ENABLE KEYS */;
UNLOCK TABLES;

--
-- Table structure for table `product`
--

DROP TABLE IF EXISTS `product`;
/*!40101 SET @saved_cs_client     = @@character_set_client */;
 SET character_set_client = utf8mb4 ;
CREATE TABLE `product` (
  `id` int(11) NOT NULL AUTO_INCREMENT,
  `code` varchar(255) NOT NULL,
  `name` varchar(255) NOT NULL,
  `description` varchar(255) NOT NULL,
  `kitchen_text` varchar(255) DEFAULT '',
  `ticket_text` varchar(255) NOT NULL,
  `category_id` int(11) NOT NULL,
  `price` decimal(10,2) DEFAULT '0.00',
  `image` varchar(255) DEFAULT '',
  `status_id` int(11) DEFAULT '1',
  `created_at` datetime NOT NULL,
  `updated_at` datetime NOT NULL,
  PRIMARY KEY (`id`),
  UNIQUE KEY `product_code` (`code`)
) ENGINE=InnoDB AUTO_INCREMENT=63 DEFAULT CHARSET=utf8;
/*!40101 SET character_set_client = @saved_cs_client */;

--
-- Dumping data for table `product`
--

LOCK TABLES `product` WRITE;
/*!40000 ALTER TABLE `product` DISABLE KEYS */;
INSERT INTO `product` VALUES (1,'02-001','CLASSIC LT','Cheddar, lechuga y tomate','CLASSIC LT','COMBO CLASSIC L/T C/{GASEOSA}',2,215.00,'1. CLASSIC LT.JPG',1,'2019-02-18 23:05:01','2019-02-18 23:07:12'),(2,'02-002','BROOKLYN','Panceta, cheddar, cebolla, pepinillos y barbacoa','BROOKLYN','COMBO BROOKLYN C/{GASEOSA}',2,225.00,'2. BROOKLYN.JPG',1,'2019-02-18 23:06:08','2019-02-18 23:06:08'),(3,'02-003','BESTIA','Panceta, cheddar, cebolla, pepinillos y barbacoa','BESTIA','COMBO BROOKLYN C/{GASEOSA}',2,215.00,'2. BROOKLYN.JPG',1,'2019-02-18 23:06:57','2019-02-18 23:06:57'),(4,'02-004','JOTAQU','Doble carne, jamón, queso, lechuga y tomate. Aderezo Mostanesa','JOTAQU','COMBO JOTAQU C/{GASEOSA}',2,230.00,'4.JOTAQU.JPG',1,'2019-02-18 23:08:08','2019-02-18 23:08:08'),(5,'02-005','GOLDEN CHICKEN','Queso, tomate, cebolla morada y crema de palta','GOLDEN CHICKEN','COMBO GOLDEN CHICKEN C/{GASEOSA}',1,195.00,'p_5.jpg',1,'2019-02-18 23:09:14','2019-08-03 18:06:02'),(6,'02-006','POLLO CRUNCHY','Muzza con albahaca, jamón y tomate','POLLO CRUNCHY','COMBO POLLO CRUNCH C/{GASEOSA}',2,220.00,'6. POLLO CRUNCHY.JPG',1,'2019-02-18 23:10:28','2019-02-18 23:10:28'),(7,'02-007','LOMO CLASSIC','Queso, lechuga y tomate','LOMO CLASSIC','COMBO LOMO CLASSIC C/{GASEOSA}',1,220.00,'7. LOMO CLASICO.JPG',1,'2019-02-20 18:10:30','2019-02-23 18:31:02'),(8,'02-008','LOMO MATADOR','Panceta, cheddar, cebolla morada, lechuga y tomate. Aderezo Mostanesa','LOMO MATADOR','COMBO MATADOR C/{GASEOSA}',1,255.00,'8. LOMO EL MATADOR.JPG',1,'2019-02-20 18:12:08','2019-02-23 18:31:28'),(9,'02-009','CHAMPION','Champignones, queso, cebolla caramelizada y rúcula. Aderezo Mostadulce','CHAMPION','COMBO CHAMPION C/{GASEOSA}',2,230.00,'9.CHAMPION.JPG',1,'2019-02-20 18:13:33','2019-02-20 18:13:33'),(10,'02-010','GLUTEN FREE','Lechuga y tomate','GLUTEN FREE','COMBO GLUTEN FREE C/{GASEOSA}',2,180.00,'10. glutten free.jpg',1,'2019-02-20 18:14:44','2019-02-20 18:14:44'),(11,'02-011','POPEYE','Hamburguesa de espinaca, queso parmesano, tomates y rúcula. Aderezo Light','HAMB. DE ESPINACA','COMBO HAMB. ESPINACA C/{GASEOSA}',2,125.00,'11. POPEYE.JPG',1,'2019-02-20 18:16:00','2019-02-20 18:16:00'),(12,'02-012','BONDIOLAZA','Queso, lechuga y tomate.','BONDIOLAZA','COMBO BONDIOLAZA  C/{GASEOSA}',1,225.00,'12. BONDIOLAZA.JPG',1,'2019-02-20 18:17:08','2019-02-23 18:31:45'),(13,'06-013','HAMB. JUNIOR C/QUESO','Sale con cheddar!','HAMB. C/QUESO','HAMB. C/QUESO',2,65.00,'',1,'2019-02-20 18:24:20','2019-02-23 18:30:23'),(14,'06-014','HAMB. JUNIOR SOLA','Hamburguesa junior en pan con sésamo','HAMB. SOLA','HAMB. SOLA',2,55.00,'',1,'2019-02-20 18:26:49','2019-02-23 18:30:35'),(15,'06-015','JUNIOR POLLO','Medallón junior de pollo frito en pan con sésamo','JUNIOR POLLO','JUNIOR POLLO',2,65.00,'',1,'2019-02-20 18:28:10','2019-02-23 18:34:15'),(16,'06-016','JUNIOR L/T','Sale con lechuga y tomate!','JUNIOR L/T','JUNIOR L/T',2,65.00,'',1,'2019-02-20 18:28:53','2019-02-23 18:34:26'),(17,'06-017','HAMB. SUPER BAHIENSE','Doble carne junior, queso y huevo','HAMB. SUPER BAHIENSE','HAMB. SUPER BAHIENSE',2,140.00,'',1,'2019-02-20 18:29:43','2019-02-23 18:30:45'),(18,'04-018','CHICKENS X 6','Patitas de pollo','CHIKENS X 6','CHIKENS X 6',6,85.00,'19. nuggets pollo.jpg',2,'2019-02-20 18:31:45','2019-02-23 18:36:56'),(19,'04-019','PAPAS GUAPAS','con panceta y cheddar!','','PAPAS GUAPAS',4,105.00,'p_13.jpg',1,'2019-02-20 18:33:47','2019-08-03 17:47:46'),(20,'04-020','PAPAS RANCH','con salsa ranch!','','PAPAS RANCH',4,110.00,'',2,'2019-02-20 18:34:27','2019-08-03 17:48:39'),(21,'04-021','PAPAS CRINKLE','Onduladas!','','PAPAS CRINKLE',4,58.00,'',2,'2019-02-20 18:35:11','2019-08-03 17:48:45'),(22,'04-022','PAPAS  CHICAS','Crujientes y deliciosas!','','PAPAS  CHICAS',4,40.00,'p_16.jpg',1,'2019-02-20 18:35:52','2019-08-03 17:49:07'),(23,'04-023','PAPAS  MEDIANAS','Crujientes y deliciosas!','','PAPAS  MEDIANAS',4,50.00,'p_17.jpg',1,'2019-02-20 18:36:49','2019-08-03 17:49:22'),(24,'04-024','PAPAS  GRANDES','Crujientes y deliciosas!','','PAPAS  GRANDES',4,58.00,'p_18.jpg',1,'2019-02-20 18:37:20','2019-08-03 17:50:13'),(25,'04-025','PAPAS SMILE','Papas sonrisa!','PAPAS SMILE ','PAPAS SMILE ',6,33.00,'',2,'2019-02-20 18:38:11','2019-02-23 18:36:37'),(26,'04-026','PAPAS GLUTEN FREE','Papas fritas sin TACC','','PAPAS SIN TACC',4,50.00,'PAPAS2.png',2,'2019-02-20 18:38:57','2019-08-03 17:50:22'),(27,'02-027','MINI BOX 1','Hamburguesa con queso','HAMB. C/QUESO','MINI BOX HAMB. C/QUESO C/{GASEOSA}',6,180.00,'p_1b.jpg',1,'2019-02-20 18:40:11','2019-08-03 17:51:34'),(28,'04-028','MINI BOX 2','Patitas de pollo','CHIKENS X 4','MINI BOX CHIKENS C/ {GASEOSA} CHICA',6,175.00,'p_1c.jpg',1,'2019-02-20 18:41:50','2019-08-03 17:52:08'),(29,'02-029','MINI BOX 3','Tostado de jamón y queso con papas smile','JUNIOR TOST + SMILE','MINI BOX J/Q-SMILE',6,155.00,'p_1d.jpg',1,'2019-02-20 18:42:59','2019-08-03 17:51:54'),(30,'02-030','PROMO KANSAS','Panceta, cheddar y barbacoa','KANSAS','PROMO KANSAS C/{GASEOSA}',2,160.00,'32. KANSAS (PROMO).JPG',1,'2019-02-20 18:44:35','2019-02-20 18:44:35'),(31,'02-031','BAHIENSE L/T','Hamburguesa junior con lechuga y tomate','JUNIOR L/T','BAHIENSE L/T C/{GASEOSA}',2,100.00,'33. BAHIENSE LT DE CARNE.jpg',1,'2019-02-20 18:45:40','2019-02-20 18:45:40'),(32,'02-032','BAHIENSE L/T POLLO','Medallón de pollo junior con lechuga y tomate','MILA POLLO CHICA','BAHIENSE L/T POLLO C/{GASEOSA}',2,100.00,'34. BAHIENSE LT DE POLLO.jpg',1,'2019-02-20 18:46:49','2019-02-20 18:46:49'),(34,'03-034','ENSALADA VERDE','Verdes, queso, cherries, zanahoria,zuchini, nueces y aceitunas','','ENSALADA VERDE',3,140.00,'p_22.jpg',1,'2019-02-20 18:48:47','2019-07-15 20:56:46'),(35,'03-035','ENSALADA NIPONA','Salmón, verdes, cherries, nueces, palta, queso parmesano y cebolla morada','','ENSALADA NIPONA',3,195.00,'p_23.jpg',1,'2019-02-20 18:50:05','2019-07-15 20:57:01'),(36,'03-036','ENSALADA CAESAR','Lechuga, tomate, cubos de pechuga, queso parmesano, croutones y salsa caesar.','','ENSALADA CAESAR ',3,150.00,'p_24.jpg',1,'2019-02-20 18:51:04','2019-07-15 20:57:14'),(37,'03-037','ENSALADA TUTTI','Arroz, cherries, queso, jamón cocido, cubos de pechuga y choclo.','','ENSALADA TUTTI',3,150.00,'p_25.jpg',1,'2019-02-20 18:51:46','2019-07-15 20:57:28'),(38,'05-038','AGUA SABORIZADA','AGUA SABORIZADA','','AGUA SABORIZADA',5,45.00,'AQUA.png',2,'2019-02-20 18:54:15','2019-07-15 21:04:15'),(39,'05-039','AGUA SIN GAS','AGUA SIN GAS','','AGUA SIN GAS',5,40.00,'',2,'2019-02-20 18:54:34','2019-07-15 21:04:24'),(40,'05-040','ADIC. AGUA SABORIZADA','ADIC. AGUA SABORIZADA','','ADIC. AGUA SABORIZADA',5,13.00,'AQUA.png',2,'2019-02-20 18:54:49','2019-07-15 21:04:31'),(41,'05-041','LATA IMPERIAL NEGRA','LATA IMPERIAL NEGRA','','LATA IMPERIAL NEGRA',5,80.00,'p_29.jpg',1,'2019-02-20 18:55:08','2019-07-15 21:04:48'),(42,'05-042','LATA IMPERIAL RUBIA ','LATA IMPERIAL RUBIA ','','LATA IMPERIAL RUBIA ',5,75.00,'p_2a.jpg',1,'2019-02-20 18:55:26','2019-07-15 21:05:00'),(43,'05-043','LATA HEINEKEN','LATA HEINEKEN','','LATA HEINEKEN',5,80.00,'p_2b.jpg',1,'2019-02-20 18:55:43','2019-07-15 21:05:26'),(44,'05-044','JUGO CEPITA','JUGO CEPITA','','JUGO CEPITA',5,28.00,'p_2c.jpg',1,'2019-02-20 18:55:58','2019-07-15 21:05:46'),(45,'05-045','COCA COLA GRANDE','COCA COLA GRANDE','','COCA COLA GRANDE',5,55.00,'p_2d.jpg',1,'2019-02-20 18:56:19','2019-07-15 21:06:04'),(46,'05-046','COCA COLA CHICA','COCA COLA CHICA','','COCA COLA CHICA',5,40.00,'p_2e.jpg',1,'2019-02-20 18:56:35','2019-07-15 21:06:16'),(47,'05-047','COCA COLA MEDIANA','COCA COLA MEDIANA','','COCA COLA MEDIANA',5,50.00,'p_2f.jpg',1,'2019-02-20 18:56:50','2019-07-15 21:06:28'),(48,'05-048','FANTA NARANJA CHICA','FANTA NARANJA CHICA','','FANTA NARANJA CHICA',5,40.00,'p_30.jpg',1,'2019-02-20 18:57:06','2019-07-15 21:06:48'),(49,'05-049','FANTA NARANJA MEDIANA','FANTA NARANJA MEDIANA','','FANTA NARANJA MEDIANA',5,50.00,'p_31.jpg',1,'2019-02-20 18:57:23','2019-07-15 21:07:03'),(50,'05-050','FANTA NARANJA GRANDE','FANTA NARANJA GRANDE','','FANTA NARANJA GRANDE',5,55.00,'p_32.jpg',1,'2019-02-20 18:57:40','2019-07-15 21:07:15'),(51,'05-051','SPRITE CHICA','SPRITE CHICA','','SPRITE CHICA',5,40.00,'p_33.jpg',1,'2019-02-20 18:57:54','2019-07-15 21:07:31'),(52,'05-052','SPRITE GRANDE','SPRITE GRANDE','','SPRITE GRANDE',5,55.00,'p_34.jpg',1,'2019-02-20 18:58:09','2019-07-15 21:07:43'),(53,'05-053','SPRITE MEDIANA','SPRITE MEDIANA','','SPRITE MEDIANA',5,50.00,'p_35.jpg',1,'2019-02-20 18:58:33','2019-07-15 21:08:10'),(54,'05-054','COCA ZERO CHICA','COCA ZERO CHICA','','COCA ZERO CHICA',5,40.00,'p_36.jpg',1,'2019-02-20 18:58:49','2019-07-15 21:08:21'),(55,'05-055','COCA ZERO MEDIANA','COCA ZERO MEDIANA','','COCA ZERO MEDIANA',5,50.00,'p_37.jpg',1,'2019-02-20 18:59:04','2019-07-15 21:08:33'),(56,'05-056','COCA ZERO GRANDE','COCA ZERO GRANDE','','COCA ZERO GRANDE',5,55.00,'p_38.jpg',1,'2019-02-20 18:59:21','2019-07-15 21:08:45'),(57,'05-057','AGUA CON GAS','AGUA CON GAS','','AGUA CON GAS',5,40.00,'',2,'2019-02-20 18:59:38','2019-07-15 21:08:54'),(58,'05-058','FANTA NARANJA GRANDE','FANTA NARANJA GRANDE','','FANTA NARANJA GRANDE',5,55.00,'p_3a.jpg',1,'2019-02-20 18:59:55','2019-07-15 21:09:09'),(59,'05-059','FANTA NARANJA CHICA','FANTA NARANJA CHICA','','FANTA NARANJA CHICA',5,40.00,'p_3b.jpg',1,'2019-02-20 19:00:12','2019-07-15 21:09:18'),(60,'05-060','FANTA NARANJA MEDIANA','FANTA NARANJA MEDIANA','','FANTA NARANJA MEDIANA',5,50.00,'p_3c.jpg',1,'2019-02-20 19:00:28','2019-07-15 21:09:29'),(61,'05-061','JUGO ADES','JUGO ADES','','JUGO ADES',5,28.00,'p_3d.jpg',1,'2019-02-20 19:00:43','2019-07-15 21:09:39'),(62,'02-062','q+','Doble carne junior, queso y huevo','SUPER BAHIENSE','SUPER BAHIENSE C/{GASEOSA}',2,195.00,'',2,'2019-02-20 19:03:55','2019-02-23 18:33:10');
/*!40000 ALTER TABLE `product` ENABLE KEYS */;
UNLOCK TABLES;

--
-- Table structure for table `product_discount`
--

DROP TABLE IF EXISTS `product_discount`;
/*!40101 SET @saved_cs_client     = @@character_set_client */;
 SET character_set_client = utf8mb4 ;
CREATE TABLE `product_discount` (
  `id` int(11) NOT NULL AUTO_INCREMENT,
  `product_id` int(11) DEFAULT NULL,
  `discount_id` int(11) DEFAULT NULL,
  `created_at` datetime NOT NULL,
  `updated_at` datetime NOT NULL,
  PRIMARY KEY (`id`)
) ENGINE=InnoDB DEFAULT CHARSET=utf8;
/*!40101 SET character_set_client = @saved_cs_client */;

--
-- Dumping data for table `product_discount`
--

LOCK TABLES `product_discount` WRITE;
/*!40000 ALTER TABLE `product_discount` DISABLE KEYS */;
/*!40000 ALTER TABLE `product_discount` ENABLE KEYS */;
UNLOCK TABLES;

--
-- Table structure for table `status`
--

DROP TABLE IF EXISTS `status`;
/*!40101 SET @saved_cs_client     = @@character_set_client */;
 SET character_set_client = utf8mb4 ;
CREATE TABLE `status` (
  `id` int(11) NOT NULL AUTO_INCREMENT,
  `name` varchar(255) NOT NULL,
  `created_at` datetime NOT NULL,
  `updated_at` datetime NOT NULL,
  PRIMARY KEY (`id`),
  UNIQUE KEY `status_name` (`name`)
) ENGINE=InnoDB AUTO_INCREMENT=3 DEFAULT CHARSET=utf8;
/*!40101 SET character_set_client = @saved_cs_client */;

--
-- Dumping data for table `status`
--

LOCK TABLES `status` WRITE;
/*!40000 ALTER TABLE `status` DISABLE KEYS */;
INSERT INTO `status` VALUES (1,'Activo','2017-10-03 20:55:57','2017-10-03 20:55:57'),(2,'Inactivo','2017-10-03 20:56:01','2017-10-03 20:56:01');
/*!40000 ALTER TABLE `status` ENABLE KEYS */;
UNLOCK TABLES;

--
-- Table structure for table `totem`
--

DROP TABLE IF EXISTS `totem`;
/*!40101 SET @saved_cs_client     = @@character_set_client */;
 SET character_set_client = utf8mb4 ;
CREATE TABLE `totem` (
  `id` int(11) NOT NULL AUTO_INCREMENT,
  `name` varchar(255) NOT NULL,
  `status_id` int(11) DEFAULT '0',
  `created_at` datetime NOT NULL,
  `updated_at` datetime NOT NULL,
  PRIMARY KEY (`id`),
  UNIQUE KEY `totem_name` (`name`)
) ENGINE=InnoDB AUTO_INCREMENT=2 DEFAULT CHARSET=utf8;
/*!40101 SET character_set_client = @saved_cs_client */;

--
-- Dumping data for table `totem`
--

LOCK TABLES `totem` WRITE;
/*!40000 ALTER TABLE `totem` DISABLE KEYS */;
INSERT INTO `totem` VALUES (1,'TOTEM01',1,'2019-03-01 21:25:00','2019-08-03 17:46:05');
/*!40000 ALTER TABLE `totem` ENABLE KEYS */;
UNLOCK TABLES;

--
-- Table structure for table `user`
--

DROP TABLE IF EXISTS `user`;
/*!40101 SET @saved_cs_client     = @@character_set_client */;
 SET character_set_client = utf8mb4 ;
CREATE TABLE `user` (
  `id` int(11) NOT NULL AUTO_INCREMENT,
  `user_name` varchar(255) NOT NULL,
  `password` varchar(255) NOT NULL,
  `full_name` varchar(255) NOT NULL,
  `photo` varchar(255) DEFAULT '',
  `status_id` int(11) DEFAULT '1',
  `created_at` datetime NOT NULL,
  `updated_at` datetime NOT NULL,
  PRIMARY KEY (`id`),
  UNIQUE KEY `user_user_name` (`user_name`)
) ENGINE=InnoDB AUTO_INCREMENT=6 DEFAULT CHARSET=utf8;
/*!40101 SET character_set_client = @saved_cs_client */;

--
-- Dumping data for table `user`
--

LOCK TABLES `user` WRITE;
/*!40000 ALTER TABLE `user` DISABLE KEYS */;
INSERT INTO `user` VALUES (1,'omar','$2b$10$x54GfYXSWBxuRHwtgZfHo.TMnG78YoGgIiT1Go7Oq.e3rChhnTiLC','Omar Melendrez','',1,'2019-02-28 20:23:49','2019-02-28 20:42:23'),(2,'supervisor','$2b$10$ArCNgQ2pcIQnTEy6osCOCuYCkT97D5uXLp4VmojwlHAsLSj70j0xC','Supervisor','',1,'2019-02-28 20:29:33','2019-02-28 20:29:33'),(3,'gustavo','$2b$10$xSqV1eZc9o0XQi5Lg4iQS.qXaCaiTifvJ0BhOQljksVNznGg1DpqK','Gustavo Buffo','',1,'2019-07-30 09:25:47','2019-07-30 09:25:47'),(4,'pamela','$2b$10$sMRETCjXFqSe1AuHSYq0v.YIbSo06Gky3nd4OTUGCedY4.UxVqUFS','Pamela Melinger','',1,'2019-07-30 09:36:54','2019-07-30 09:36:54'),(5,'alejandro','$2b$10$0qPsMvRlGF5ldJIGMWmpqemKk/DaLtKnPNxhJL4CPCZSATdS85PWe','Alejandro Valentini','',1,'2019-07-30 09:40:00','2019-07-30 09:40:00');
/*!40000 ALTER TABLE `user` ENABLE KEYS */;
UNLOCK TABLES;
/*!40103 SET TIME_ZONE=@OLD_TIME_ZONE */;

/*!40101 SET SQL_MODE=@OLD_SQL_MODE */;
/*!40014 SET FOREIGN_KEY_CHECKS=@OLD_FOREIGN_KEY_CHECKS */;
/*!40014 SET UNIQUE_CHECKS=@OLD_UNIQUE_CHECKS */;
/*!40101 SET CHARACTER_SET_CLIENT=@OLD_CHARACTER_SET_CLIENT */;
/*!40101 SET CHARACTER_SET_RESULTS=@OLD_CHARACTER_SET_RESULTS */;
/*!40101 SET COLLATION_CONNECTION=@OLD_COLLATION_CONNECTION */;
/*!40111 SET SQL_NOTES=@OLD_SQL_NOTES */;

-- Dump completed on 2019-08-06  0:00:01
