-- MySQL dump 10.13  Distrib 8.0.15, for Win64 (x86_64)
--
-- Host: localhost    Database: escng_totem
-- ------------------------------------------------------
-- Server version	8.0.15

/*!40101 SET @OLD_CHARACTER_SET_CLIENT=@@CHARACTER_SET_CLIENT */;
/*!40101 SET @OLD_CHARACTER_SET_RESULTS=@@CHARACTER_SET_RESULTS */;
/*!40101 SET @OLD_COLLATION_CONNECTION=@@COLLATION_CONNECTION */;
 SET NAMES utf8mb4 ;
/*!40103 SET @OLD_TIME_ZONE=@@TIME_ZONE */;
/*!40103 SET TIME_ZONE='+00:00' */;
/*!40014 SET @OLD_UNIQUE_CHECKS=@@UNIQUE_CHECKS, UNIQUE_CHECKS=0 */;
/*!40014 SET @OLD_FOREIGN_KEY_CHECKS=@@FOREIGN_KEY_CHECKS, FOREIGN_KEY_CHECKS=0 */;
/*!40101 SET @OLD_SQL_MODE=@@SQL_MODE, SQL_MODE='NO_AUTO_VALUE_ON_ZERO' */;
/*!40111 SET @OLD_SQL_NOTES=@@SQL_NOTES, SQL_NOTES=0 */;

--
-- Current Database: `escng_totem`
--

CREATE DATABASE /*!32312 IF NOT EXISTS*/ `escng_totem` /*!40100 DEFAULT CHARACTER SET utf8mb4 COLLATE utf8mb4_0900_ai_ci */;

USE `escng_totem`;

--
-- Table structure for table `category`
--

DROP TABLE IF EXISTS `category`;
/*!40101 SET @saved_cs_client     = @@character_set_client */;
 SET character_set_client = utf8mb4 ;
CREATE TABLE `category` (
  `id` int(11) NOT NULL AUTO_INCREMENT,
  `name` varchar(255) NOT NULL,
  `image` varchar(255) DEFAULT '',
  `status_id` int(11) DEFAULT '1',
  `created_at` datetime NOT NULL,
  `updated_at` datetime NOT NULL,
  PRIMARY KEY (`id`),
  UNIQUE KEY `category_name` (`name`)
) ENGINE=InnoDB AUTO_INCREMENT=7 DEFAULT CHARSET=utf8;
/*!40101 SET character_set_client = @saved_cs_client */;

--
-- Dumping data for table `category`
--

LOCK TABLES `category` WRITE;
/*!40000 ALTER TABLE `category` DISABLE KEYS */;
INSERT INTO `category` VALUES (1,'Carnes','c_1.jpg',1,'2019-02-17 13:00:11','2019-09-25 12:58:32'),(2,'Hamburguesas','c_2.jpg',1,'2019-02-17 13:00:25','2019-09-25 12:58:52'),(3,'Ensaladas','c_3.jpg',1,'2019-02-17 13:00:37','2019-09-25 12:58:43'),(4,'Papas','c_4.jpg',1,'2019-02-17 13:00:48','2019-09-25 13:38:07'),(5,'Bebidas','c_5.jpg',1,'2019-02-17 13:01:00','2019-09-25 13:00:03'),(6,'Mini Box','c_6.jpg',1,'2019-02-17 13:01:10','2019-09-25 12:59:04');
/*!40000 ALTER TABLE `category` ENABLE KEYS */;
UNLOCK TABLES;

--
-- Table structure for table `cc_payment`
--

DROP TABLE IF EXISTS `cc_payment`;
/*!40101 SET @saved_cs_client     = @@character_set_client */;
 SET character_set_client = utf8mb4 ;
CREATE TABLE `cc_payment` (
  `id` int(11) NOT NULL AUTO_INCREMENT,
  `order_id` int(11) DEFAULT NULL,
  `response` varchar(8000) DEFAULT NULL,
  `created_at` datetime NOT NULL,
  `updated_at` datetime NOT NULL,
  PRIMARY KEY (`id`)
) ENGINE=InnoDB AUTO_INCREMENT=169 DEFAULT CHARSET=utf8;
/*!40101 SET character_set_client = @saved_cs_client */;

--
-- Dumping data for table `cc_payment`
--

LOCK TABLES `cc_payment` WRITE;
/*!40000 ALTER TABLE `cc_payment` DISABLE KEYS */;
INSERT INTO `cc_payment` VALUES (1,2,'{\"ResultCode\":-1,\"ResultMessage\":\"The request was accepted by the device.\",\"ResponseActions\":\"Approve\",\"Session\":63,\"TerminalIdentification\":\"39563011\",\"BitMap\":\"07000000\",\"CardNumber\":\"454832******2858\",\"IssuerEntity\":\"VISA\",\"CardAbbreviation\":\"V1\",\"MerchantPaymentMethodID\":\"111\",\"MerchantPaymentMethodType\":\"1\",\"MerchantPaymentMethodSupportsCashback\":0,\"TransactionResponseType\":\"GetCard\",\"DeviceType\":\"TerminalFirstDataVx690Integrated\",\"LastContractVersionAvailable\":\"3.0.0\",\"ContractVersion\":\"2.2.0\",\"DeviceIntegratorVersion\":\"3.0.1\",\"WorkstationInfo\":\"Windows_NT;win32;10.0.18362;x64;TOTEM01;v6.11.5;4832\",\"action\":\"GetCard\"}','2020-02-12 15:04:32','2020-02-12 15:04:32'),(2,2,'{\"ResultCode\":-1,\"ResultMessage\":\"The request was accepted by the device.\",\"ResponseActions\":\"Approve\",\"Session\":63,\"TerminalIdentification\":\"39563011\",\"HostResultCode\":0,\"BitMap\":\"ff3b1e00\",\"TransactionRequestType\":\"00\",\"TransactionResolutionMode\":\"Online\",\"TransactionDate\":\"2020/02/12\",\"TransactionTime\":\"15:05:20\",\"CardType\":\"C\",\"PaymentMethodDescription\":\"VISA\",\"CardNumber\":\"454832******2858\",\"CardInputMode\":\"C\",\"HostAuthorizationCode\":\"001846\",\"HostTicketNumber\":5,\"TransactionCurrencySymbol\":\"-$-\",\"TransactionAmount\":\"190.00\",\"TransactionFacilitiesType\":\"0\",\"TransactionInstallments\":1,\"HostMerchantIdentification\":\"09705321\",\"HostTerminalIdentification\":\"39563011\",\"OriginalDate\":\"2020/02/12\",\"ReceiptNumber\":\"000000000000002\",\"HostIdentification\":0,\"HostBatchNumber\":3,\"CardTypeDescription\":\"Credit\",\"CardInputModeDescription\":\"EMV CHIP\",\"TransactionCurrencyCode\":\"32\",\"MerchantPaymentMethodID\":\"111\",\"MerchantPaymentMethodType\":\"1\",\"MerchantPaymentMethodSupportsCashback\":0,\"TransactionResponseType\":\"Buy\",\"DeviceType\":\"TerminalFirstDataVx690Integrated\",\"LastContractVersionAvailable\":\"3.0.0\",\"ContractVersion\":\"2.2.0\",\"DeviceIntegratorVersion\":\"3.0.1\",\"WorkstationInfo\":\"Windows_NT;win32;10.0.18362;x64;TOTEM01;v6.11.5;4832\",\"action\":\"Buy\"}','2020-02-12 15:05:02','2020-02-12 15:05:02'),(3,2,'{\"ResultCode\":-1,\"ResultMessage\":\"The request was accepted by the device.\",\"ResponseActions\":\"Approve\",\"TransactionResponseType\":\"ConfirmTransaction\",\"DeviceType\":\"TerminalFirstDataVx690Integrated\",\"LastContractVersionAvailable\":\"3.0.0\",\"ContractVersion\":\"2.2.0\",\"DeviceIntegratorVersion\":\"3.0.1\",\"WorkstationInfo\":\"Windows_NT;win32;10.0.18362;x64;TOTEM01;v6.11.5;4832\",\"action\":\"ConfirmTransaction\"}','2020-02-12 15:05:02','2020-02-12 15:05:02'),(4,4,'{\"ResultCode\":-1,\"ResultMessage\":\"The request was accepted by the device.\",\"ResponseActions\":\"Approve\",\"Session\":63,\"TerminalIdentification\":\"39563011\",\"BitMap\":\"07000000\",\"CardNumber\":\"451377******8030\",\"IssuerEntity\":\"VISA DEBITO\",\"CardAbbreviation\":\"V3\",\"MerchantPaymentMethodID\":\"111\",\"MerchantPaymentMethodType\":\"1\",\"MerchantPaymentMethodSupportsCashback\":1,\"TransactionResponseType\":\"GetCard\",\"DeviceType\":\"TerminalFirstDataVx690Integrated\",\"LastContractVersionAvailable\":\"3.0.0\",\"ContractVersion\":\"2.2.0\",\"DeviceIntegratorVersion\":\"3.0.1\",\"WorkstationInfo\":\"Windows_NT;win32;10.0.18362;x64;TOTEM01;v6.11.5;4832\",\"action\":\"GetCard\"}','2020-02-13 12:06:48','2020-02-13 12:06:48'),(5,4,'{\"ResultCode\":-1,\"ResultMessage\":\"The request was accepted by the device.\",\"ResponseActions\":\"Approve\",\"Session\":63,\"TerminalIdentification\":\"39563011\",\"HostResultCode\":0,\"BitMap\":\"ff3b1e00\",\"TransactionRequestType\":\"00\",\"TransactionResolutionMode\":\"Online\",\"TransactionDate\":\"2020/02/13\",\"TransactionTime\":\"12:07:45\",\"CardType\":\"D\",\"PaymentMethodDescription\":\"VISA DEBITO\",\"CardNumber\":\"451377******8030\",\"CardInputMode\":\"B\",\"HostAuthorizationCode\":\"467099\",\"HostTicketNumber\":6,\"TransactionCurrencySymbol\":\"-$-\",\"TransactionAmount\":\"570.00\",\"TransactionFacilitiesType\":\"0\",\"TransactionInstallments\":1,\"HostMerchantIdentification\":\"09705321\",\"HostTerminalIdentification\":\"39563011\",\"OriginalDate\":\"2020/02/13\",\"ReceiptNumber\":\"000000000000004\",\"HostIdentification\":0,\"HostBatchNumber\":4,\"CardTypeDescription\":\"Debit\",\"CardInputModeDescription\":\"MAGNETIC STRIP\",\"TransactionCurrencyCode\":\"32\",\"MerchantPaymentMethodID\":\"111\",\"MerchantPaymentMethodType\":\"1\",\"MerchantPaymentMethodSupportsCashback\":1,\"TransactionResponseType\":\"Buy\",\"DeviceType\":\"TerminalFirstDataVx690Integrated\",\"LastContractVersionAvailable\":\"3.0.0\",\"ContractVersion\":\"2.2.0\",\"DeviceIntegratorVersion\":\"3.0.1\",\"WorkstationInfo\":\"Windows_NT;win32;10.0.18362;x64;TOTEM01;v6.11.5;4832\",\"action\":\"Buy\"}','2020-02-13 12:06:58','2020-02-13 12:06:58'),(6,4,'{\"ResultCode\":-1,\"ResultMessage\":\"The request was accepted by the device.\",\"ResponseActions\":\"Approve\",\"TransactionResponseType\":\"ConfirmTransaction\",\"DeviceType\":\"TerminalFirstDataVx690Integrated\",\"LastContractVersionAvailable\":\"3.0.0\",\"ContractVersion\":\"2.2.0\",\"DeviceIntegratorVersion\":\"3.0.1\",\"WorkstationInfo\":\"Windows_NT;win32;10.0.18362;x64;TOTEM01;v6.11.5;4832\",\"action\":\"ConfirmTransaction\"}','2020-02-13 12:06:58','2020-02-13 12:06:58'),(7,5,'{\"ResultCode\":-1,\"ResultMessage\":\"The request was accepted by the device.\",\"ResponseActions\":\"Approve\",\"Session\":63,\"TerminalIdentification\":\"39563011\",\"BitMap\":\"07000000\",\"CardNumber\":\"439818******1005\",\"IssuerEntity\":\"VISA DEBITO\",\"CardAbbreviation\":\"V3\",\"MerchantPaymentMethodID\":\"111\",\"MerchantPaymentMethodType\":\"1\",\"MerchantPaymentMethodSupportsCashback\":1,\"TransactionResponseType\":\"GetCard\",\"DeviceType\":\"TerminalFirstDataVx690Integrated\",\"LastContractVersionAvailable\":\"3.0.0\",\"ContractVersion\":\"2.2.0\",\"DeviceIntegratorVersion\":\"3.0.1\",\"WorkstationInfo\":\"Windows_NT;win32;10.0.18362;x64;TOTEM01;v6.11.5;4832\",\"action\":\"GetCard\"}','2020-02-13 12:17:47','2020-02-13 12:17:47'),(8,5,'{\"ResultCode\":-1,\"ResultMessage\":\"The request was accepted by the device.\",\"ResponseActions\":\"Approve\",\"Session\":63,\"TerminalIdentification\":\"39563011\",\"HostResultCode\":0,\"BitMap\":\"ff3b1e00\",\"TransactionRequestType\":\"00\",\"TransactionResolutionMode\":\"Online\",\"TransactionDate\":\"2020/02/13\",\"TransactionTime\":\"12:18:45\",\"CardType\":\"D\",\"PaymentMethodDescription\":\"VISA DEBITO\",\"CardNumber\":\"439818******1005\",\"CardInputMode\":\"B\",\"HostAuthorizationCode\":\"075070\",\"HostTicketNumber\":7,\"TransactionCurrencySymbol\":\"-$-\",\"TransactionAmount\":\"535.00\",\"TransactionFacilitiesType\":\"0\",\"TransactionInstallments\":1,\"HostMerchantIdentification\":\"09705321\",\"HostTerminalIdentification\":\"39563011\",\"OriginalDate\":\"2020/02/13\",\"ReceiptNumber\":\"000000000000005\",\"HostIdentification\":0,\"HostBatchNumber\":4,\"CardTypeDescription\":\"Debit\",\"CardInputModeDescription\":\"MAGNETIC STRIP\",\"TransactionCurrencyCode\":\"32\",\"MerchantPaymentMethodID\":\"111\",\"MerchantPaymentMethodType\":\"1\",\"MerchantPaymentMethodSupportsCashback\":1,\"TransactionResponseType\":\"Buy\",\"DeviceType\":\"TerminalFirstDataVx690Integrated\",\"LastContractVersionAvailable\":\"3.0.0\",\"ContractVersion\":\"2.2.0\",\"DeviceIntegratorVersion\":\"3.0.1\",\"WorkstationInfo\":\"Windows_NT;win32;10.0.18362;x64;TOTEM01;v6.11.5;4832\",\"action\":\"Buy\"}','2020-02-13 12:18:01','2020-02-13 12:18:01'),(9,5,'{\"ResultCode\":-1,\"ResultMessage\":\"The request was accepted by the device.\",\"ResponseActions\":\"Approve\",\"TransactionResponseType\":\"ConfirmTransaction\",\"DeviceType\":\"TerminalFirstDataVx690Integrated\",\"LastContractVersionAvailable\":\"3.0.0\",\"ContractVersion\":\"2.2.0\",\"DeviceIntegratorVersion\":\"3.0.1\",\"WorkstationInfo\":\"Windows_NT;win32;10.0.18362;x64;TOTEM01;v6.11.5;4832\",\"action\":\"ConfirmTransaction\"}','2020-02-13 12:18:01','2020-02-13 12:18:01'),(10,6,'{\"ResultCode\":-1,\"ResultMessage\":\"The request was accepted by the device.\",\"ResponseActions\":\"Approve\",\"Session\":63,\"TerminalIdentification\":\"39563011\",\"BitMap\":\"07000000\",\"CardNumber\":\"501041********1012\",\"IssuerEntity\":\"MAESTRO\",\"CardAbbreviation\":\"MA\",\"MerchantPaymentMethodID\":\"111\",\"MerchantPaymentMethodType\":\"1\",\"MerchantPaymentMethodSupportsCashback\":1,\"TransactionResponseType\":\"GetCard\",\"DeviceType\":\"TerminalFirstDataVx690Integrated\",\"LastContractVersionAvailable\":\"3.0.0\",\"ContractVersion\":\"2.2.0\",\"DeviceIntegratorVersion\":\"3.0.1\",\"WorkstationInfo\":\"Windows_NT;win32;10.0.18362;x64;TOTEM01;v6.11.5;4832\",\"action\":\"GetCard\"}','2020-02-13 12:19:35','2020-02-13 12:19:35'),(11,6,'{\"ResultCode\":-1,\"ResultMessage\":\"The request was accepted by the device.\",\"ResponseActions\":\"Refuse\",\"Session\":63,\"TerminalIdentification\":\"39563011\",\"HostResultCode\":51,\"HostResultMessage\":\"Fondos Insuficientes\",\"TransactionResponseType\":\"Buy\",\"DeviceType\":\"TerminalFirstDataVx690Integrated\",\"LastContractVersionAvailable\":\"3.0.0\",\"ContractVersion\":\"2.2.0\",\"DeviceIntegratorVersion\":\"3.0.1\",\"WorkstationInfo\":\"Windows_NT;win32;10.0.18362;x64;TOTEM01;v6.11.5;4832\",\"action\":\"Buy\"}','2020-02-13 12:20:00','2020-02-13 12:20:00'),(12,6,'{\"ResultCode\":2055,\"ResultMessage\":\"No response from the device.\",\"ResponseActions\":\"Refuse,Retry\",\"DeviceType\":\"TerminalFirstDataVx690Integrated\",\"LastContractVersionAvailable\":\"3.0.0\",\"ContractVersion\":\"2.2.0\",\"DeviceIntegratorVersion\":\"3.0.1\",\"WorkstationInfo\":\"Windows_NT;win32;10.0.18362;x64;TOTEM01;v6.11.5;4832\",\"action\":\"GetCard\"}','2020-02-13 12:20:28','2020-02-13 12:20:28'),(13,6,'{\"ResultCode\":2055,\"ResultMessage\":\"No response from the device.\",\"ResponseActions\":\"Refuse,Retry\",\"DeviceType\":\"TerminalFirstDataVx690Integrated\",\"LastContractVersionAvailable\":\"3.0.0\",\"ContractVersion\":\"2.2.0\",\"DeviceIntegratorVersion\":\"3.0.1\",\"WorkstationInfo\":\"Windows_NT;win32;10.0.18362;x64;TOTEM01;v6.11.5;4832\",\"action\":\"GetCard\"}','2020-02-13 12:20:44','2020-02-13 12:20:44'),(14,6,'{\"ResultCode\":-1,\"ResultMessage\":\"The request was accepted by the device.\",\"ResponseActions\":\"Approve\",\"ProtocolVersion\":\"0002\",\"TerminalIdentification\":\"39563011\",\"Session\":65,\"BitMap\":\"07000000\",\"CardNumber\":\"546553******0172\",\"IssuerEntity\":\"MASTERCARD\",\"CardAbbreviation\":\"MC\",\"MerchantPaymentMethodID\":\"111\",\"MerchantPaymentMethodType\":\"1\",\"MerchantPaymentMethodSupportsCashback\":0,\"TransactionResponseType\":\"GetCard\",\"DeviceType\":\"TerminalFirstDataVx690Integrated\",\"LastContractVersionAvailable\":\"3.0.0\",\"ContractVersion\":\"2.2.0\",\"DeviceIntegratorVersion\":\"3.0.1\",\"WorkstationInfo\":\"Windows_NT;win32;10.0.18362;x64;TOTEM01;v6.11.5;4832\",\"action\":\"GetCard\"}','2020-02-13 12:20:57','2020-02-13 12:20:57'),(15,6,'{\"ResultCode\":-1,\"ResultMessage\":\"The request was accepted by the device.\",\"ResponseActions\":\"Approve\",\"Session\":65,\"TerminalIdentification\":\"39563011\",\"HostResultCode\":0,\"BitMap\":\"ff3b1e00\",\"TransactionRequestType\":\"00\",\"TransactionResolutionMode\":\"Online\",\"TransactionDate\":\"2020/02/13\",\"TransactionTime\":\"12:22:02\",\"CardType\":\"C\",\"PaymentMethodDescription\":\"MASTERCARD\",\"CardNumber\":\"546553******0172\",\"CardInputMode\":\"B\",\"HostAuthorizationCode\":\"665870\",\"HostTicketNumber\":8,\"TransactionCurrencySymbol\":\"-$-\",\"TransactionAmount\":\"380.00\",\"TransactionFacilitiesType\":\"0\",\"TransactionInstallments\":1,\"HostMerchantIdentification\":\"09705321\",\"HostTerminalIdentification\":\"39563011\",\"OriginalDate\":\"2020/02/13\",\"ReceiptNumber\":\"000000000000006\",\"HostIdentification\":0,\"HostBatchNumber\":4,\"CardTypeDescription\":\"Credit\",\"CardInputModeDescription\":\"MAGNETIC STRIP\",\"TransactionCurrencyCode\":\"32\",\"MerchantPaymentMethodID\":\"111\",\"MerchantPaymentMethodType\":\"1\",\"MerchantPaymentMethodSupportsCashback\":0,\"TransactionResponseType\":\"Buy\",\"DeviceType\":\"TerminalFirstDataVx690Integrated\",\"LastContractVersionAvailable\":\"3.0.0\",\"ContractVersion\":\"2.2.0\",\"DeviceIntegratorVersion\":\"3.0.1\",\"WorkstationInfo\":\"Windows_NT;win32;10.0.18362;x64;TOTEM01;v6.11.5;4832\",\"action\":\"Buy\"}','2020-02-13 12:21:16','2020-02-13 12:21:16'),(16,6,'{\"ResultCode\":-1,\"ResultMessage\":\"The request was accepted by the device.\",\"ResponseActions\":\"Approve\",\"TransactionResponseType\":\"ConfirmTransaction\",\"DeviceType\":\"TerminalFirstDataVx690Integrated\",\"LastContractVersionAvailable\":\"3.0.0\",\"ContractVersion\":\"2.2.0\",\"DeviceIntegratorVersion\":\"3.0.1\",\"WorkstationInfo\":\"Windows_NT;win32;10.0.18362;x64;TOTEM01;v6.11.5;4832\",\"action\":\"ConfirmTransaction\"}','2020-02-13 12:21:16','2020-02-13 12:21:16'),(17,7,'{\"ResultCode\":-1,\"ResultMessage\":\"The request was accepted by the device.\",\"ResponseActions\":\"Approve\",\"Session\":65,\"TerminalIdentification\":\"39563011\",\"BitMap\":\"07000000\",\"CardNumber\":\"451377******8002\",\"IssuerEntity\":\"VISA DEBITO\",\"CardAbbreviation\":\"V3\",\"MerchantPaymentMethodID\":\"111\",\"MerchantPaymentMethodType\":\"1\",\"MerchantPaymentMethodSupportsCashback\":1,\"TransactionResponseType\":\"GetCard\",\"DeviceType\":\"TerminalFirstDataVx690Integrated\",\"LastContractVersionAvailable\":\"3.0.0\",\"ContractVersion\":\"2.2.0\",\"DeviceIntegratorVersion\":\"3.0.1\",\"WorkstationInfo\":\"Windows_NT;win32;10.0.18362;x64;TOTEM01;v6.11.5;4832\",\"action\":\"GetCard\"}','2020-02-13 12:22:25','2020-02-13 12:22:25'),(18,7,'{\"ResultCode\":-1,\"ResultMessage\":\"The request was accepted by the device.\",\"ResponseActions\":\"Approve\",\"Session\":65,\"TerminalIdentification\":\"39563011\",\"HostResultCode\":0,\"BitMap\":\"ff3b1e00\",\"TransactionRequestType\":\"00\",\"TransactionResolutionMode\":\"Online\",\"TransactionDate\":\"2020/02/13\",\"TransactionTime\":\"12:23:23\",\"CardType\":\"D\",\"PaymentMethodDescription\":\"VISA DEBITO\",\"CardNumber\":\"451377******8002\",\"CardInputMode\":\"B\",\"HostAuthorizationCode\":\"471561\",\"HostTicketNumber\":9,\"TransactionCurrencySymbol\":\"-$-\",\"TransactionAmount\":\"415.00\",\"TransactionFacilitiesType\":\"0\",\"TransactionInstallments\":1,\"HostMerchantIdentification\":\"09705321\",\"HostTerminalIdentification\":\"39563011\",\"OriginalDate\":\"2020/02/13\",\"ReceiptNumber\":\"000000000000007\",\"HostIdentification\":0,\"HostBatchNumber\":4,\"CardTypeDescription\":\"Debit\",\"CardInputModeDescription\":\"MAGNETIC STRIP\",\"TransactionCurrencyCode\":\"32\",\"MerchantPaymentMethodID\":\"111\",\"MerchantPaymentMethodType\":\"1\",\"MerchantPaymentMethodSupportsCashback\":1,\"TransactionResponseType\":\"Buy\",\"DeviceType\":\"TerminalFirstDataVx690Integrated\",\"LastContractVersionAvailable\":\"3.0.0\",\"ContractVersion\":\"2.2.0\",\"DeviceIntegratorVersion\":\"3.0.1\",\"WorkstationInfo\":\"Windows_NT;win32;10.0.18362;x64;TOTEM01;v6.11.5;4832\",\"action\":\"Buy\"}','2020-02-13 12:22:38','2020-02-13 12:22:38'),(19,7,'{\"ResultCode\":-1,\"ResultMessage\":\"The request was accepted by the device.\",\"ResponseActions\":\"Approve\",\"TransactionResponseType\":\"ConfirmTransaction\",\"DeviceType\":\"TerminalFirstDataVx690Integrated\",\"LastContractVersionAvailable\":\"3.0.0\",\"ContractVersion\":\"2.2.0\",\"DeviceIntegratorVersion\":\"3.0.1\",\"WorkstationInfo\":\"Windows_NT;win32;10.0.18362;x64;TOTEM01;v6.11.5;4832\",\"action\":\"ConfirmTransaction\"}','2020-02-13 12:22:38','2020-02-13 12:22:38'),(20,9,'{\"ResultCode\":2080,\"ResultMessage\":\"The last transaction was not confirmed.\",\"ResponseActions\":\"Refuse\",\"ProtocolVersion\":\"0002\",\"TerminalIdentification\":\"39563011\",\"Session\":66,\"TransactionResponseType\":\"GetCard\",\"DeviceType\":\"TerminalFirstDataVx690Integrated\",\"LastContractVersionAvailable\":\"3.0.0\",\"ContractVersion\":\"2.2.0\",\"DeviceIntegratorVersion\":\"3.0.1\",\"WorkstationInfo\":\"Windows_NT;win32;10.0.18362;x64;TOTEM01;v6.11.5;4832\",\"action\":\"GetCard\"}','2020-02-13 12:35:11','2020-02-13 12:35:11'),(21,9,'{\"ResultCode\":2080,\"ResultMessage\":\"The last transaction was not confirmed.\",\"ResponseActions\":\"Refuse\",\"Session\":66,\"TerminalIdentification\":\"39563011\",\"TransactionResponseType\":\"GetCard\",\"DeviceType\":\"TerminalFirstDataVx690Integrated\",\"LastContractVersionAvailable\":\"3.0.0\",\"ContractVersion\":\"2.2.0\",\"DeviceIntegratorVersion\":\"3.0.1\",\"WorkstationInfo\":\"Windows_NT;win32;10.0.18362;x64;TOTEM01;v6.11.5;4832\",\"action\":\"GetCard\"}','2020-02-13 12:35:39','2020-02-13 12:35:39'),(22,9,'{\"ResultCode\":2055,\"ResultMessage\":\"No response from the device.\",\"ResponseActions\":\"Refuse,Retry\",\"DeviceType\":\"TerminalFirstDataVx690Integrated\",\"LastContractVersionAvailable\":\"3.0.0\",\"ContractVersion\":\"2.2.0\",\"DeviceIntegratorVersion\":\"3.0.1\",\"WorkstationInfo\":\"Windows_NT;win32;10.0.18362;x64;TOTEM01;v6.11.5;4832\",\"action\":\"GetCard\"}','2020-02-13 12:35:44','2020-02-13 12:35:44'),(23,9,'{\"ResultCode\":2080,\"ResultMessage\":\"The last transaction was not confirmed.\",\"ResponseActions\":\"Refuse\",\"ProtocolVersion\":\"0000\",\"TerminalIdentification\":\"39563011\",\"Session\":67,\"TransactionResponseType\":\"GetCard\",\"DeviceType\":\"TerminalFirstDataVx690Integrated\",\"LastContractVersionAvailable\":\"3.0.0\",\"ContractVersion\":\"2.2.0\",\"DeviceIntegratorVersion\":\"3.0.1\",\"WorkstationInfo\":\"Windows_NT;win32;10.0.18362;x64;TOTEM01;v6.11.5;4832\",\"action\":\"GetCard\"}','2020-02-13 12:35:51','2020-02-13 12:35:51'),(24,9,'{\"ResultCode\":2080,\"ResultMessage\":\"The last transaction was not confirmed.\",\"ResponseActions\":\"Refuse\",\"Session\":67,\"TerminalIdentification\":\"39563011\",\"TransactionResponseType\":\"GetCard\",\"DeviceType\":\"TerminalFirstDataVx690Integrated\",\"LastContractVersionAvailable\":\"3.0.0\",\"ContractVersion\":\"2.2.0\",\"DeviceIntegratorVersion\":\"3.0.1\",\"WorkstationInfo\":\"Windows_NT;win32;10.0.18362;x64;TOTEM01;v6.11.5;4832\",\"action\":\"GetCard\"}','2020-02-13 12:35:53','2020-02-13 12:35:53'),(25,10,'{\"ResultCode\":2080,\"ResultMessage\":\"The last transaction was not confirmed.\",\"ResponseActions\":\"Refuse\",\"Session\":67,\"TerminalIdentification\":\"39563011\",\"TransactionResponseType\":\"GetCard\",\"DeviceType\":\"TerminalFirstDataVx690Integrated\",\"LastContractVersionAvailable\":\"3.0.0\",\"ContractVersion\":\"2.2.0\",\"DeviceIntegratorVersion\":\"3.0.1\",\"WorkstationInfo\":\"Windows_NT;win32;10.0.18362;x64;TOTEM01;v6.11.5;4832\",\"action\":\"GetCard\"}','2020-02-13 12:36:16','2020-02-13 12:36:16'),(26,10,'{\"ResultCode\":2080,\"ResultMessage\":\"The last transaction was not confirmed.\",\"ResponseActions\":\"Refuse\",\"Session\":67,\"TerminalIdentification\":\"39563011\",\"TransactionResponseType\":\"GetCard\",\"DeviceType\":\"TerminalFirstDataVx690Integrated\",\"LastContractVersionAvailable\":\"3.0.0\",\"ContractVersion\":\"2.2.0\",\"DeviceIntegratorVersion\":\"3.0.1\",\"WorkstationInfo\":\"Windows_NT;win32;10.0.18362;x64;TOTEM01;v6.11.5;4832\",\"action\":\"GetCard\"}','2020-02-13 12:36:20','2020-02-13 12:36:20'),(27,11,'{\"ResultCode\":2080,\"ResultMessage\":\"The last transaction was not confirmed.\",\"ResponseActions\":\"Refuse\",\"Session\":67,\"TerminalIdentification\":\"39563011\",\"TransactionResponseType\":\"GetCard\",\"DeviceType\":\"TerminalFirstDataVx690Integrated\",\"LastContractVersionAvailable\":\"3.0.0\",\"ContractVersion\":\"2.2.0\",\"DeviceIntegratorVersion\":\"3.0.1\",\"WorkstationInfo\":\"Windows_NT;win32;10.0.18362;x64;TOTEM01;v6.11.5;4832\",\"action\":\"GetCard\"}','2020-02-13 12:37:21','2020-02-13 12:37:21'),(28,12,'{\"ResultCode\":2080,\"ResultMessage\":\"The last transaction was not confirmed.\",\"ResponseActions\":\"Refuse\",\"Session\":67,\"TerminalIdentification\":\"39563011\",\"TransactionResponseType\":\"GetCard\",\"DeviceType\":\"TerminalFirstDataVx690Integrated\",\"LastContractVersionAvailable\":\"3.0.0\",\"ContractVersion\":\"2.2.0\",\"DeviceIntegratorVersion\":\"3.0.1\",\"WorkstationInfo\":\"Windows_NT;win32;10.0.18362;x64;TOTEM01;v6.11.5;4832\",\"action\":\"GetCard\"}','2020-02-13 12:38:31','2020-02-13 12:38:31'),(29,12,'{\"ResultCode\":2080,\"ResultMessage\":\"The last transaction was not confirmed.\",\"ResponseActions\":\"Refuse\",\"Session\":67,\"TerminalIdentification\":\"39563011\",\"TransactionResponseType\":\"GetCard\",\"DeviceType\":\"TerminalFirstDataVx690Integrated\",\"LastContractVersionAvailable\":\"3.0.0\",\"ContractVersion\":\"2.2.0\",\"DeviceIntegratorVersion\":\"3.0.1\",\"WorkstationInfo\":\"Windows_NT;win32;10.0.18362;x64;TOTEM01;v6.11.5;4832\",\"action\":\"GetCard\"}','2020-02-13 12:38:43','2020-02-13 12:38:43'),(30,12,'{\"ResultCode\":2080,\"ResultMessage\":\"The last transaction was not confirmed.\",\"ResponseActions\":\"Refuse\",\"Session\":67,\"TerminalIdentification\":\"39563011\",\"TransactionResponseType\":\"GetCard\",\"DeviceType\":\"TerminalFirstDataVx690Integrated\",\"LastContractVersionAvailable\":\"3.0.0\",\"ContractVersion\":\"2.2.0\",\"DeviceIntegratorVersion\":\"3.0.1\",\"WorkstationInfo\":\"Windows_NT;win32;10.0.18362;x64;TOTEM01;v6.11.5;4832\",\"action\":\"GetCard\"}','2020-02-13 12:38:47','2020-02-13 12:38:47'),(31,12,'{\"ResultCode\":2080,\"ResultMessage\":\"The last transaction was not confirmed.\",\"ResponseActions\":\"Refuse\",\"Session\":67,\"TerminalIdentification\":\"39563011\",\"TransactionResponseType\":\"GetCard\",\"DeviceType\":\"TerminalFirstDataVx690Integrated\",\"LastContractVersionAvailable\":\"3.0.0\",\"ContractVersion\":\"2.2.0\",\"DeviceIntegratorVersion\":\"3.0.1\",\"WorkstationInfo\":\"Windows_NT;win32;10.0.18362;x64;TOTEM01;v6.11.5;4832\",\"action\":\"GetCard\"}','2020-02-13 12:39:01','2020-02-13 12:39:01'),(32,12,'{\"ResultCode\":2080,\"ResultMessage\":\"The last transaction was not confirmed.\",\"ResponseActions\":\"Refuse\",\"Session\":67,\"TerminalIdentification\":\"39563011\",\"TransactionResponseType\":\"GetCard\",\"DeviceType\":\"TerminalFirstDataVx690Integrated\",\"LastContractVersionAvailable\":\"3.0.0\",\"ContractVersion\":\"2.2.0\",\"DeviceIntegratorVersion\":\"3.0.1\",\"WorkstationInfo\":\"Windows_NT;win32;10.0.18362;x64;TOTEM01;v6.11.5;4832\",\"action\":\"GetCard\"}','2020-02-13 12:39:22','2020-02-13 12:39:22'),(33,14,'{\"ResultCode\":2080,\"ResultMessage\":\"The last transaction was not confirmed.\",\"ResponseActions\":\"Refuse\",\"Session\":67,\"TerminalIdentification\":\"39563011\",\"TransactionResponseType\":\"GetCard\",\"DeviceType\":\"TerminalFirstDataVx690Integrated\",\"LastContractVersionAvailable\":\"3.0.0\",\"ContractVersion\":\"2.2.0\",\"DeviceIntegratorVersion\":\"3.0.1\",\"WorkstationInfo\":\"Windows_NT;win32;10.0.18362;x64;TOTEM01;v6.11.5;4832\",\"action\":\"GetCard\"}','2020-02-13 12:50:36','2020-02-13 12:50:36'),(34,17,'{\"ResultCode\":2055,\"ResultMessage\":\"No response from the device.\",\"ResponseActions\":\"Refuse,Retry\",\"DeviceType\":\"TerminalFirstDataVx690Integrated\",\"LastContractVersionAvailable\":\"3.0.0\",\"ContractVersion\":\"2.2.0\",\"DeviceIntegratorVersion\":\"3.0.1\",\"WorkstationInfo\":\"Windows_NT;win32;10.0.18362;x64;TOTEM01;v6.11.5;4400\",\"action\":\"GetCard\"}','2020-02-13 13:10:03','2020-02-13 13:10:03'),(35,20,'{\"ResultCode\":-1,\"ResultMessage\":\"The request was accepted by the device.\",\"ResponseActions\":\"Approve\",\"ProtocolVersion\":\"0002\",\"TerminalIdentification\":\"39563011\",\"Session\":71,\"BitMap\":\"07000000\",\"CardNumber\":\"433833******3865\",\"IssuerEntity\":\"VISA\",\"CardAbbreviation\":\"V1\",\"MerchantPaymentMethodID\":\"111\",\"MerchantPaymentMethodType\":\"1\",\"MerchantPaymentMethodSupportsCashback\":0,\"TransactionResponseType\":\"GetCard\",\"DeviceType\":\"TerminalFirstDataVx690Integrated\",\"LastContractVersionAvailable\":\"3.0.0\",\"ContractVersion\":\"2.2.0\",\"DeviceIntegratorVersion\":\"3.0.1\",\"WorkstationInfo\":\"Windows_NT;win32;10.0.18362;x64;TOTEM01;v6.11.5;4400\",\"action\":\"GetCard\"}','2020-02-13 13:47:33','2020-02-13 13:47:33'),(36,20,'{\"ResultCode\":-1,\"ResultMessage\":\"The request was accepted by the device.\",\"ResponseActions\":\"Approve\",\"Session\":71,\"TerminalIdentification\":\"39563011\",\"HostResultCode\":0,\"BitMap\":\"ff3b1e00\",\"TransactionRequestType\":\"00\",\"TransactionResolutionMode\":\"Online\",\"TransactionDate\":\"2020/02/13\",\"TransactionTime\":\"13:48:30\",\"CardType\":\"C\",\"PaymentMethodDescription\":\"VISA\",\"CardNumber\":\"433833******3865\",\"CardInputMode\":\"C\",\"HostAuthorizationCode\":\"002221\",\"HostTicketNumber\":10,\"TransactionCurrencySymbol\":\"-$-\",\"TransactionAmount\":\"810.00\",\"TransactionFacilitiesType\":\"0\",\"TransactionInstallments\":1,\"HostMerchantIdentification\":\"09705321\",\"HostTerminalIdentification\":\"39563011\",\"OriginalDate\":\"2020/02/13\",\"ReceiptNumber\":\"000000000000020\",\"HostIdentification\":0,\"HostBatchNumber\":4,\"CardTypeDescription\":\"Credit\",\"CardInputModeDescription\":\"EMV CHIP\",\"TransactionCurrencyCode\":\"32\",\"MerchantPaymentMethodID\":\"111\",\"MerchantPaymentMethodType\":\"1\",\"MerchantPaymentMethodSupportsCashback\":0,\"TransactionResponseType\":\"Buy\",\"DeviceType\":\"TerminalFirstDataVx690Integrated\",\"LastContractVersionAvailable\":\"3.0.0\",\"ContractVersion\":\"2.2.0\",\"DeviceIntegratorVersion\":\"3.0.1\",\"WorkstationInfo\":\"Windows_NT;win32;10.0.18362;x64;TOTEM01;v6.11.5;4400\",\"action\":\"Buy\"}','2020-02-13 13:47:44','2020-02-13 13:47:44'),(37,20,'{\"ResultCode\":-1,\"ResultMessage\":\"The request was accepted by the device.\",\"ResponseActions\":\"Approve\",\"TransactionResponseType\":\"ConfirmTransaction\",\"DeviceType\":\"TerminalFirstDataVx690Integrated\",\"LastContractVersionAvailable\":\"3.0.0\",\"ContractVersion\":\"2.2.0\",\"DeviceIntegratorVersion\":\"3.0.1\",\"WorkstationInfo\":\"Windows_NT;win32;10.0.18362;x64;TOTEM01;v6.11.5;4400\",\"action\":\"ConfirmTransaction\"}','2020-02-13 13:47:44','2020-02-13 13:47:44'),(38,21,'{\"ResultCode\":2055,\"ResultMessage\":\"No response from the device.\",\"ResponseActions\":\"Refuse,Retry\",\"DeviceType\":\"TerminalFirstDataVx690Integrated\",\"LastContractVersionAvailable\":\"3.0.0\",\"ContractVersion\":\"2.2.0\",\"DeviceIntegratorVersion\":\"3.0.1\",\"WorkstationInfo\":\"Windows_NT;win32;10.0.18362;x64;TOTEM01;v6.11.5;4400\",\"action\":\"GetCard\"}','2020-02-13 13:54:24','2020-02-13 13:54:24'),(39,21,'{\"ResultCode\":2105,\"ResultMessage\":\"ERROR LECTURA\",\"ResponseActions\":\"Refuse\",\"ProtocolVersion\":\"0002\",\"TerminalIdentification\":\"39563011\",\"Session\":72,\"TransactionResponseType\":\"GetCard\",\"DeviceType\":\"TerminalFirstDataVx690Integrated\",\"LastContractVersionAvailable\":\"3.0.0\",\"ContractVersion\":\"2.2.0\",\"DeviceIntegratorVersion\":\"3.0.1\",\"WorkstationInfo\":\"Windows_NT;win32;10.0.18362;x64;TOTEM01;v6.11.5;4400\",\"action\":\"GetCard\"}','2020-02-13 13:54:38','2020-02-13 13:54:38'),(40,21,'{\"ResultCode\":-1,\"ResultMessage\":\"The request was accepted by the device.\",\"ResponseActions\":\"Approve\",\"Session\":72,\"TerminalIdentification\":\"39563011\",\"BitMap\":\"07000000\",\"CardNumber\":\"501081*********0370\",\"IssuerEntity\":\"MAESTRO\",\"CardAbbreviation\":\"MA\",\"MerchantPaymentMethodID\":\"111\",\"MerchantPaymentMethodType\":\"1\",\"MerchantPaymentMethodSupportsCashback\":1,\"TransactionResponseType\":\"GetCard\",\"DeviceType\":\"TerminalFirstDataVx690Integrated\",\"LastContractVersionAvailable\":\"3.0.0\",\"ContractVersion\":\"2.2.0\",\"DeviceIntegratorVersion\":\"3.0.1\",\"WorkstationInfo\":\"Windows_NT;win32;10.0.18362;x64;TOTEM01;v6.11.5;4400\",\"action\":\"GetCard\"}','2020-02-13 13:54:55','2020-02-13 13:54:55'),(41,21,'{\"ResultCode\":-1,\"ResultMessage\":\"The request was accepted by the device.\",\"ResponseActions\":\"Approve\",\"Session\":72,\"TerminalIdentification\":\"39563011\",\"HostResultCode\":0,\"BitMap\":\"ff3f1e00\",\"TransactionRequestType\":\"00\",\"TransactionResolutionMode\":\"Online\",\"TransactionDate\":\"2020/02/13\",\"TransactionTime\":\"13:56:08\",\"CardType\":\"D\",\"PaymentMethodDescription\":\"MAESTRO\",\"CardNumber\":\"501081*********0370\",\"CardInputMode\":\"B\",\"HostAuthorizationCode\":\"103815\",\"HostTicketNumber\":11,\"TransactionCurrencySymbol\":\"-$-\",\"TransactionAmount\":\"1560.00\",\"AccountType\":1,\"TransactionFacilitiesType\":\"0\",\"TransactionInstallments\":1,\"HostMerchantIdentification\":\"09705321\",\"HostTerminalIdentification\":\"39563011\",\"OriginalDate\":\"2020/02/13\",\"ReceiptNumber\":\"000000000000021\",\"HostIdentification\":0,\"HostBatchNumber\":4,\"AccountTypeDescription\":\"Caja de ahorro en pesos\",\"CardTypeDescription\":\"Debit\",\"CardInputModeDescription\":\"MAGNETIC STRIP\",\"TransactionCurrencyCode\":\"32\",\"MerchantPaymentMethodID\":\"111\",\"MerchantPaymentMethodType\":\"1\",\"MerchantPaymentMethodSupportsCashback\":1,\"TransactionResponseType\":\"Buy\",\"DeviceType\":\"TerminalFirstDataVx690Integrated\",\"LastContractVersionAvailable\":\"3.0.0\",\"ContractVersion\":\"2.2.0\",\"DeviceIntegratorVersion\":\"3.0.1\",\"WorkstationInfo\":\"Windows_NT;win32;10.0.18362;x64;TOTEM01;v6.11.5;4400\",\"action\":\"Buy\"}','2020-02-13 13:55:21','2020-02-13 13:55:21'),(42,21,'{\"ResultCode\":-1,\"ResultMessage\":\"The request was accepted by the device.\",\"ResponseActions\":\"Approve\",\"TransactionResponseType\":\"ConfirmTransaction\",\"DeviceType\":\"TerminalFirstDataVx690Integrated\",\"LastContractVersionAvailable\":\"3.0.0\",\"ContractVersion\":\"2.2.0\",\"DeviceIntegratorVersion\":\"3.0.1\",\"WorkstationInfo\":\"Windows_NT;win32;10.0.18362;x64;TOTEM01;v6.11.5;4400\",\"action\":\"ConfirmTransaction\"}','2020-02-13 13:55:21','2020-02-13 13:55:21'),(43,22,'{\"ResultCode\":-1,\"ResultMessage\":\"The request was accepted by the device.\",\"ResponseActions\":\"Approve\",\"Session\":72,\"TerminalIdentification\":\"39563011\",\"BitMap\":\"07000000\",\"CardNumber\":\"589562******1399\",\"IssuerEntity\":\"NARANJA\",\"CardAbbreviation\":\"TN\",\"MerchantPaymentMethodID\":\"111\",\"MerchantPaymentMethodType\":\"1\",\"MerchantPaymentMethodSupportsCashback\":0,\"TransactionResponseType\":\"GetCard\",\"DeviceType\":\"TerminalFirstDataVx690Integrated\",\"LastContractVersionAvailable\":\"3.0.0\",\"ContractVersion\":\"2.2.0\",\"DeviceIntegratorVersion\":\"3.0.1\",\"WorkstationInfo\":\"Windows_NT;win32;10.0.18362;x64;TOTEM01;v6.11.5;4400\",\"action\":\"GetCard\"}','2020-02-13 18:21:33','2020-02-13 18:21:33'),(44,22,'{\"ResultCode\":-1,\"ResultMessage\":\"The request was accepted by the device.\",\"ResponseActions\":\"Approve\",\"Session\":72,\"TerminalIdentification\":\"39563011\",\"HostResultCode\":0,\"BitMap\":\"ff3b1e00\",\"TransactionRequestType\":\"00\",\"TransactionResolutionMode\":\"Online\",\"TransactionDate\":\"2020/02/13\",\"TransactionTime\":\"18:22:42\",\"CardType\":\"C\",\"PaymentMethodDescription\":\"NARANJA\",\"CardNumber\":\"589562******1399\",\"CardInputMode\":\"B\",\"HostAuthorizationCode\":\"556060\",\"HostTicketNumber\":12,\"TransactionCurrencySymbol\":\"-$-\",\"TransactionAmount\":\"380.00\",\"TransactionFacilitiesType\":\"0\",\"TransactionInstallments\":1,\"HostMerchantIdentification\":\"139006910\",\"HostTerminalIdentification\":\"39563011\",\"OriginalDate\":\"2020/02/13\",\"ReceiptNumber\":\"000000000000022\",\"HostIdentification\":0,\"HostBatchNumber\":4,\"CardTypeDescription\":\"Credit\",\"CardInputModeDescription\":\"MAGNETIC STRIP\",\"TransactionCurrencyCode\":\"32\",\"MerchantPaymentMethodID\":\"111\",\"MerchantPaymentMethodType\":\"1\",\"MerchantPaymentMethodSupportsCashback\":0,\"TransactionResponseType\":\"Buy\",\"DeviceType\":\"TerminalFirstDataVx690Integrated\",\"LastContractVersionAvailable\":\"3.0.0\",\"ContractVersion\":\"2.2.0\",\"DeviceIntegratorVersion\":\"3.0.1\",\"WorkstationInfo\":\"Windows_NT;win32;10.0.18362;x64;TOTEM01;v6.11.5;4400\",\"action\":\"Buy\"}','2020-02-13 18:21:54','2020-02-13 18:21:54'),(45,22,'{\"ResultCode\":-1,\"ResultMessage\":\"The request was accepted by the device.\",\"ResponseActions\":\"Approve\",\"TransactionResponseType\":\"ConfirmTransaction\",\"DeviceType\":\"TerminalFirstDataVx690Integrated\",\"LastContractVersionAvailable\":\"3.0.0\",\"ContractVersion\":\"2.2.0\",\"DeviceIntegratorVersion\":\"3.0.1\",\"WorkstationInfo\":\"Windows_NT;win32;10.0.18362;x64;TOTEM01;v6.11.5;4400\",\"action\":\"ConfirmTransaction\"}','2020-02-13 18:21:54','2020-02-13 18:21:54'),(46,24,'{\"ResultCode\":-1,\"ResultMessage\":\"The request was accepted by the device.\",\"ResponseActions\":\"Approve\",\"ProtocolVersion\":\"0002\",\"TerminalIdentification\":\"39563011\",\"Session\":73,\"BitMap\":\"07000000\",\"CardNumber\":\"482469******6546\",\"IssuerEntity\":\"VISA\",\"CardAbbreviation\":\"V1\",\"MerchantPaymentMethodID\":\"111\",\"MerchantPaymentMethodType\":\"1\",\"MerchantPaymentMethodSupportsCashback\":0,\"TransactionResponseType\":\"GetCard\",\"DeviceType\":\"TerminalFirstDataVx690Integrated\",\"LastContractVersionAvailable\":\"3.0.0\",\"ContractVersion\":\"2.2.0\",\"DeviceIntegratorVersion\":\"3.0.1\",\"WorkstationInfo\":\"Windows_NT;win32;10.0.18362;x64;TOTEM01;v6.11.5;4400\",\"action\":\"GetCard\"}','2020-02-13 20:43:54','2020-02-13 20:43:54'),(47,24,'{\"ResultCode\":-1,\"ResultMessage\":\"The request was accepted by the device.\",\"ResponseActions\":\"Approve\",\"Session\":73,\"TerminalIdentification\":\"39563011\",\"HostResultCode\":0,\"BitMap\":\"ff3b1e00\",\"TransactionRequestType\":\"00\",\"TransactionResolutionMode\":\"Online\",\"TransactionDate\":\"2020/02/13\",\"TransactionTime\":\"20:44:51\",\"CardType\":\"C\",\"PaymentMethodDescription\":\"VISA\",\"CardNumber\":\"482469******6546\",\"CardInputMode\":\"C\",\"HostAuthorizationCode\":\"002165\",\"HostTicketNumber\":13,\"TransactionCurrencySymbol\":\"-$-\",\"TransactionAmount\":\"1460.00\",\"TransactionFacilitiesType\":\"0\",\"TransactionInstallments\":1,\"HostMerchantIdentification\":\"09705321\",\"HostTerminalIdentification\":\"39563011\",\"OriginalDate\":\"2020/02/13\",\"ReceiptNumber\":\"000000000000024\",\"HostIdentification\":0,\"HostBatchNumber\":4,\"CardTypeDescription\":\"Credit\",\"CardInputModeDescription\":\"EMV CHIP\",\"TransactionCurrencyCode\":\"32\",\"MerchantPaymentMethodID\":\"111\",\"MerchantPaymentMethodType\":\"1\",\"MerchantPaymentMethodSupportsCashback\":0,\"TransactionResponseType\":\"Buy\",\"DeviceType\":\"TerminalFirstDataVx690Integrated\",\"LastContractVersionAvailable\":\"3.0.0\",\"ContractVersion\":\"2.2.0\",\"DeviceIntegratorVersion\":\"3.0.1\",\"WorkstationInfo\":\"Windows_NT;win32;10.0.18362;x64;TOTEM01;v6.11.5;4400\",\"action\":\"Buy\"}','2020-02-13 20:44:04','2020-02-13 20:44:04'),(48,24,'{\"ResultCode\":-1,\"ResultMessage\":\"The request was accepted by the device.\",\"ResponseActions\":\"Approve\",\"TransactionResponseType\":\"ConfirmTransaction\",\"DeviceType\":\"TerminalFirstDataVx690Integrated\",\"LastContractVersionAvailable\":\"3.0.0\",\"ContractVersion\":\"2.2.0\",\"DeviceIntegratorVersion\":\"3.0.1\",\"WorkstationInfo\":\"Windows_NT;win32;10.0.18362;x64;TOTEM01;v6.11.5;4400\",\"action\":\"ConfirmTransaction\"}','2020-02-13 20:44:04','2020-02-13 20:44:04'),(49,28,'{\"ResultCode\":-1,\"ResultMessage\":\"The request was accepted by the device.\",\"ResponseActions\":\"Approve\",\"Session\":73,\"TerminalIdentification\":\"39563011\",\"BitMap\":\"07000000\",\"CardNumber\":\"439818******8001\",\"IssuerEntity\":\"VISA DEBITO\",\"CardAbbreviation\":\"V3\",\"MerchantPaymentMethodID\":\"111\",\"MerchantPaymentMethodType\":\"1\",\"MerchantPaymentMethodSupportsCashback\":1,\"TransactionResponseType\":\"GetCard\",\"DeviceType\":\"TerminalFirstDataVx690Integrated\",\"LastContractVersionAvailable\":\"3.0.0\",\"ContractVersion\":\"2.2.0\",\"DeviceIntegratorVersion\":\"3.0.1\",\"WorkstationInfo\":\"Windows_NT;win32;10.0.18362;x64;TOTEM01;v6.11.5;4400\",\"action\":\"GetCard\"}','2020-02-13 21:10:20','2020-02-13 21:10:20'),(50,28,'{\"ResultCode\":-1,\"ResultMessage\":\"The request was accepted by the device.\",\"ResponseActions\":\"Approve\",\"Session\":73,\"TerminalIdentification\":\"39563011\",\"HostResultCode\":0,\"BitMap\":\"ff3b1e00\",\"TransactionRequestType\":\"00\",\"TransactionResolutionMode\":\"Online\",\"TransactionDate\":\"2020/02/13\",\"TransactionTime\":\"21:11:16\",\"CardType\":\"D\",\"PaymentMethodDescription\":\"VISA DEBITO\",\"CardNumber\":\"439818******8001\",\"CardInputMode\":\"B\",\"HostAuthorizationCode\":\"178872\",\"HostTicketNumber\":14,\"TransactionCurrencySymbol\":\"-$-\",\"TransactionAmount\":\"380.00\",\"TransactionFacilitiesType\":\"0\",\"TransactionInstallments\":1,\"HostMerchantIdentification\":\"09705321\",\"HostTerminalIdentification\":\"39563011\",\"OriginalDate\":\"2020/02/14\",\"ReceiptNumber\":\"000000000000028\",\"HostIdentification\":0,\"HostBatchNumber\":4,\"CardTypeDescription\":\"Debit\",\"CardInputModeDescription\":\"MAGNETIC STRIP\",\"TransactionCurrencyCode\":\"32\",\"MerchantPaymentMethodID\":\"111\",\"MerchantPaymentMethodType\":\"1\",\"MerchantPaymentMethodSupportsCashback\":1,\"TransactionResponseType\":\"Buy\",\"DeviceType\":\"TerminalFirstDataVx690Integrated\",\"LastContractVersionAvailable\":\"3.0.0\",\"ContractVersion\":\"2.2.0\",\"DeviceIntegratorVersion\":\"3.0.1\",\"WorkstationInfo\":\"Windows_NT;win32;10.0.18362;x64;TOTEM01;v6.11.5;4400\",\"action\":\"Buy\"}','2020-02-13 21:10:29','2020-02-13 21:10:29'),(51,28,'{\"ResultCode\":-1,\"ResultMessage\":\"The request was accepted by the device.\",\"ResponseActions\":\"Approve\",\"TransactionResponseType\":\"ConfirmTransaction\",\"DeviceType\":\"TerminalFirstDataVx690Integrated\",\"LastContractVersionAvailable\":\"3.0.0\",\"ContractVersion\":\"2.2.0\",\"DeviceIntegratorVersion\":\"3.0.1\",\"WorkstationInfo\":\"Windows_NT;win32;10.0.18362;x64;TOTEM01;v6.11.5;4400\",\"action\":\"ConfirmTransaction\"}','2020-02-13 21:10:29','2020-02-13 21:10:29'),(52,30,'{\"ResultCode\":-1,\"ResultMessage\":\"The request was accepted by the device.\",\"ResponseActions\":\"Approve\",\"Session\":73,\"TerminalIdentification\":\"39563011\",\"BitMap\":\"07000000\",\"CardNumber\":\"406998******5003\",\"IssuerEntity\":\"VISA DEBITO\",\"CardAbbreviation\":\"V3\",\"MerchantPaymentMethodID\":\"111\",\"MerchantPaymentMethodType\":\"1\",\"MerchantPaymentMethodSupportsCashback\":1,\"TransactionResponseType\":\"GetCard\",\"DeviceType\":\"TerminalFirstDataVx690Integrated\",\"LastContractVersionAvailable\":\"3.0.0\",\"ContractVersion\":\"2.2.0\",\"DeviceIntegratorVersion\":\"3.0.1\",\"WorkstationInfo\":\"Windows_NT;win32;10.0.18362;x64;TOTEM01;v6.11.5;4400\",\"action\":\"GetCard\"}','2020-02-13 21:23:45','2020-02-13 21:23:45'),(53,30,'{\"ResultCode\":-1,\"ResultMessage\":\"The request was accepted by the device.\",\"ResponseActions\":\"Approve\",\"Session\":73,\"TerminalIdentification\":\"39563011\",\"HostResultCode\":0,\"BitMap\":\"ff3b1e00\",\"TransactionRequestType\":\"00\",\"TransactionResolutionMode\":\"Online\",\"TransactionDate\":\"2020/02/13\",\"TransactionTime\":\"21:24:42\",\"CardType\":\"D\",\"PaymentMethodDescription\":\"VISA DEBITO\",\"CardNumber\":\"406998******5003\",\"CardInputMode\":\"B\",\"HostAuthorizationCode\":\"573566\",\"HostTicketNumber\":15,\"TransactionCurrencySymbol\":\"-$-\",\"TransactionAmount\":\"1510.00\",\"TransactionFacilitiesType\":\"0\",\"TransactionInstallments\":1,\"HostMerchantIdentification\":\"09705321\",\"HostTerminalIdentification\":\"39563011\",\"OriginalDate\":\"2020/02/14\",\"ReceiptNumber\":\"000000000000030\",\"HostIdentification\":0,\"HostBatchNumber\":4,\"CardTypeDescription\":\"Debit\",\"CardInputModeDescription\":\"MAGNETIC STRIP\",\"TransactionCurrencyCode\":\"32\",\"MerchantPaymentMethodID\":\"111\",\"MerchantPaymentMethodType\":\"1\",\"MerchantPaymentMethodSupportsCashback\":1,\"TransactionResponseType\":\"Buy\",\"DeviceType\":\"TerminalFirstDataVx690Integrated\",\"LastContractVersionAvailable\":\"3.0.0\",\"ContractVersion\":\"2.2.0\",\"DeviceIntegratorVersion\":\"3.0.1\",\"WorkstationInfo\":\"Windows_NT;win32;10.0.18362;x64;TOTEM01;v6.11.5;4400\",\"action\":\"Buy\"}','2020-02-13 21:23:55','2020-02-13 21:23:55'),(54,30,'{\"ResultCode\":-1,\"ResultMessage\":\"The request was accepted by the device.\",\"ResponseActions\":\"Approve\",\"TransactionResponseType\":\"ConfirmTransaction\",\"DeviceType\":\"TerminalFirstDataVx690Integrated\",\"LastContractVersionAvailable\":\"3.0.0\",\"ContractVersion\":\"2.2.0\",\"DeviceIntegratorVersion\":\"3.0.1\",\"WorkstationInfo\":\"Windows_NT;win32;10.0.18362;x64;TOTEM01;v6.11.5;4400\",\"action\":\"ConfirmTransaction\"}','2020-02-13 21:23:55','2020-02-13 21:23:55'),(55,32,'{\"ResultCode\":-1,\"ResultMessage\":\"The request was accepted by the device.\",\"ResponseActions\":\"Approve\",\"Session\":73,\"TerminalIdentification\":\"39563011\",\"BitMap\":\"07000000\",\"CardNumber\":\"451769******9147\",\"IssuerEntity\":\"VISA DEBITO\",\"CardAbbreviation\":\"V3\",\"MerchantPaymentMethodID\":\"111\",\"MerchantPaymentMethodType\":\"1\",\"MerchantPaymentMethodSupportsCashback\":1,\"TransactionResponseType\":\"GetCard\",\"DeviceType\":\"TerminalFirstDataVx690Integrated\",\"LastContractVersionAvailable\":\"3.0.0\",\"ContractVersion\":\"2.2.0\",\"DeviceIntegratorVersion\":\"3.0.1\",\"WorkstationInfo\":\"Windows_NT;win32;10.0.18362;x64;TOTEM01;v6.11.5;4400\",\"action\":\"GetCard\"}','2020-02-13 21:26:52','2020-02-13 21:26:52'),(56,32,'{\"ResultCode\":-1,\"ResultMessage\":\"The request was accepted by the device.\",\"ResponseActions\":\"Approve\",\"Session\":73,\"TerminalIdentification\":\"39563011\",\"HostResultCode\":0,\"BitMap\":\"ff3b1e00\",\"TransactionRequestType\":\"00\",\"TransactionResolutionMode\":\"Online\",\"TransactionDate\":\"2020/02/13\",\"TransactionTime\":\"21:27:49\",\"CardType\":\"D\",\"PaymentMethodDescription\":\"VISA DEBITO\",\"CardNumber\":\"451769******9147\",\"CardInputMode\":\"C\",\"HostAuthorizationCode\":\"727568\",\"HostTicketNumber\":16,\"TransactionCurrencySymbol\":\"-$-\",\"TransactionAmount\":\"495.00\",\"TransactionFacilitiesType\":\"0\",\"TransactionInstallments\":1,\"HostMerchantIdentification\":\"09705321\",\"HostTerminalIdentification\":\"39563011\",\"OriginalDate\":\"2020/02/14\",\"ReceiptNumber\":\"000000000000032\",\"HostIdentification\":0,\"HostBatchNumber\":4,\"CardTypeDescription\":\"Debit\",\"CardInputModeDescription\":\"EMV CHIP\",\"TransactionCurrencyCode\":\"32\",\"MerchantPaymentMethodID\":\"111\",\"MerchantPaymentMethodType\":\"1\",\"MerchantPaymentMethodSupportsCashback\":1,\"TransactionResponseType\":\"Buy\",\"DeviceType\":\"TerminalFirstDataVx690Integrated\",\"LastContractVersionAvailable\":\"3.0.0\",\"ContractVersion\":\"2.2.0\",\"DeviceIntegratorVersion\":\"3.0.1\",\"WorkstationInfo\":\"Windows_NT;win32;10.0.18362;x64;TOTEM01;v6.11.5;4400\",\"action\":\"Buy\"}','2020-02-13 21:27:04','2020-02-13 21:27:04'),(57,32,'{\"ResultCode\":-1,\"ResultMessage\":\"The request was accepted by the device.\",\"ResponseActions\":\"Approve\",\"TransactionResponseType\":\"ConfirmTransaction\",\"DeviceType\":\"TerminalFirstDataVx690Integrated\",\"LastContractVersionAvailable\":\"3.0.0\",\"ContractVersion\":\"2.2.0\",\"DeviceIntegratorVersion\":\"3.0.1\",\"WorkstationInfo\":\"Windows_NT;win32;10.0.18362;x64;TOTEM01;v6.11.5;4400\",\"action\":\"ConfirmTransaction\"}','2020-02-13 21:27:04','2020-02-13 21:27:04'),(58,39,'{\"ResultCode\":2055,\"ResultMessage\":\"No response from the device.\",\"ResponseActions\":\"Refuse,Retry\",\"DeviceType\":\"TerminalFirstDataVx690Integrated\",\"LastContractVersionAvailable\":\"3.0.0\",\"ContractVersion\":\"2.2.0\",\"DeviceIntegratorVersion\":\"3.0.1\",\"WorkstationInfo\":\"Windows_NT;win32;10.0.18362;x64;TOTEM01;v6.11.5;4400\",\"action\":\"GetCard\"}','2020-02-14 12:33:16','2020-02-14 12:33:16'),(59,39,'{\"ResultCode\":2055,\"ResultMessage\":\"No response from the device.\",\"ResponseActions\":\"Refuse,Retry\",\"DeviceType\":\"TerminalFirstDataVx690Integrated\",\"LastContractVersionAvailable\":\"3.0.0\",\"ContractVersion\":\"2.2.0\",\"DeviceIntegratorVersion\":\"3.0.1\",\"WorkstationInfo\":\"Windows_NT;win32;10.0.18362;x64;TOTEM01;v6.11.5;4400\",\"action\":\"GetCard\"}','2020-02-14 12:33:28','2020-02-14 12:33:28'),(60,39,'{\"ResultCode\":2055,\"ResultMessage\":\"No response from the device.\",\"ResponseActions\":\"Refuse,Retry\",\"DeviceType\":\"TerminalFirstDataVx690Integrated\",\"LastContractVersionAvailable\":\"3.0.0\",\"ContractVersion\":\"2.2.0\",\"DeviceIntegratorVersion\":\"3.0.1\",\"WorkstationInfo\":\"Windows_NT;win32;10.0.18362;x64;TOTEM01;v6.11.5;4400\",\"action\":\"GetCard\"}','2020-02-14 12:33:39','2020-02-14 12:33:39'),(61,39,'{\"ResultCode\":2055,\"ResultMessage\":\"No response from the device.\",\"ResponseActions\":\"Refuse,Retry\",\"DeviceType\":\"TerminalFirstDataVx690Integrated\",\"LastContractVersionAvailable\":\"3.0.0\",\"ContractVersion\":\"2.2.0\",\"DeviceIntegratorVersion\":\"3.0.1\",\"WorkstationInfo\":\"Windows_NT;win32;10.0.18362;x64;TOTEM01;v6.11.5;4400\",\"action\":\"GetCard\"}','2020-02-14 12:33:47','2020-02-14 12:33:47'),(62,39,'{\"ResultCode\":2055,\"ResultMessage\":\"No response from the device.\",\"ResponseActions\":\"Refuse,Retry\",\"DeviceType\":\"TerminalFirstDataVx690Integrated\",\"LastContractVersionAvailable\":\"3.0.0\",\"ContractVersion\":\"2.2.0\",\"DeviceIntegratorVersion\":\"3.0.1\",\"WorkstationInfo\":\"Windows_NT;win32;10.0.18362;x64;TOTEM01;v6.11.5;4400\",\"action\":\"GetCard\"}','2020-02-14 12:33:56','2020-02-14 12:33:56'),(63,39,'{\"ResultCode\":2055,\"ResultMessage\":\"No response from the device.\",\"ResponseActions\":\"Refuse,Retry\",\"DeviceType\":\"TerminalFirstDataVx690Integrated\",\"LastContractVersionAvailable\":\"3.0.0\",\"ContractVersion\":\"2.2.0\",\"DeviceIntegratorVersion\":\"3.0.1\",\"WorkstationInfo\":\"Windows_NT;win32;10.0.18362;x64;TOTEM01;v6.11.5;4400\",\"action\":\"GetCard\"}','2020-02-14 12:34:04','2020-02-14 12:34:04'),(64,39,'{\"ResultCode\":2055,\"ResultMessage\":\"No response from the device.\",\"ResponseActions\":\"Refuse,Retry\",\"DeviceType\":\"TerminalFirstDataVx690Integrated\",\"LastContractVersionAvailable\":\"3.0.0\",\"ContractVersion\":\"2.2.0\",\"DeviceIntegratorVersion\":\"3.0.1\",\"WorkstationInfo\":\"Windows_NT;win32;10.0.18362;x64;TOTEM01;v6.11.5;4400\",\"action\":\"GetCard\"}','2020-02-14 12:34:12','2020-02-14 12:34:12'),(65,39,'{\"ResultCode\":2055,\"ResultMessage\":\"No response from the device.\",\"ResponseActions\":\"Refuse,Retry\",\"DeviceType\":\"TerminalFirstDataVx690Integrated\",\"LastContractVersionAvailable\":\"3.0.0\",\"ContractVersion\":\"2.2.0\",\"DeviceIntegratorVersion\":\"3.0.1\",\"WorkstationInfo\":\"Windows_NT;win32;10.0.18362;x64;TOTEM01;v6.11.5;4400\",\"action\":\"GetCard\"}','2020-02-14 12:34:21','2020-02-14 12:34:21'),(66,39,'{\"ResultCode\":2055,\"ResultMessage\":\"No response from the device.\",\"ResponseActions\":\"Refuse,Retry\",\"DeviceType\":\"TerminalFirstDataVx690Integrated\",\"LastContractVersionAvailable\":\"3.0.0\",\"ContractVersion\":\"2.2.0\",\"DeviceIntegratorVersion\":\"3.0.1\",\"WorkstationInfo\":\"Windows_NT;win32;10.0.18362;x64;TOTEM01;v6.11.5;4400\",\"action\":\"GetCard\"}','2020-02-14 12:39:46','2020-02-14 12:39:46'),(67,40,'{\"ResultCode\":2068,\"ResultMessage\":\"A field which is required to be present in the device response was not found on it.\",\"ResponseActions\":\"Refuse\",\"DeviceType\":\"TerminalFirstDataVx690Integrated\",\"LastContractVersionAvailable\":\"3.0.0\",\"ContractVersion\":\"2.2.0\",\"DeviceIntegratorVersion\":\"3.0.1\",\"WorkstationInfo\":\"Windows_NT;win32;10.0.18362;x64;TOTEM01;v6.11.5;4820\",\"action\":\"GetCard\"}','2020-02-14 12:46:18','2020-02-14 12:46:18'),(68,42,'{\"ResultCode\":-1,\"ResultMessage\":\"The request was accepted by the device.\",\"ResponseActions\":\"Approve\",\"Session\":82,\"TerminalIdentification\":\"39563011\",\"BitMap\":\"07000000\",\"CardNumber\":\"454832******6852\",\"IssuerEntity\":\"VISA\",\"CardAbbreviation\":\"V1\",\"MerchantPaymentMethodID\":\"111\",\"MerchantPaymentMethodType\":\"1\",\"MerchantPaymentMethodSupportsCashback\":0,\"TransactionResponseType\":\"GetCard\",\"DeviceType\":\"TerminalFirstDataVx690Integrated\",\"LastContractVersionAvailable\":\"3.0.0\",\"ContractVersion\":\"2.2.0\",\"DeviceIntegratorVersion\":\"3.0.1\",\"WorkstationInfo\":\"Windows_NT;win32;10.0.18362;x64;TOTEM01;v6.11.5;4820\",\"action\":\"GetCard\"}','2020-02-14 12:58:59','2020-02-14 12:58:59'),(69,42,'{\"ResultCode\":-1,\"ResultMessage\":\"The request was accepted by the device.\",\"ResponseActions\":\"Approve\",\"Session\":82,\"TerminalIdentification\":\"39563011\",\"HostResultCode\":0,\"BitMap\":\"ff3b1e00\",\"TransactionRequestType\":\"00\",\"TransactionResolutionMode\":\"Online\",\"TransactionDate\":\"2020/02/14\",\"TransactionTime\":\"12:59:59\",\"CardType\":\"C\",\"PaymentMethodDescription\":\"VISA\",\"CardNumber\":\"454832******6852\",\"CardInputMode\":\"C\",\"HostAuthorizationCode\":\"016480\",\"HostTicketNumber\":17,\"TransactionCurrencySymbol\":\"-$-\",\"TransactionAmount\":\"530.00\",\"TransactionFacilitiesType\":\"0\",\"TransactionInstallments\":1,\"HostMerchantIdentification\":\"09705321\",\"HostTerminalIdentification\":\"39563011\",\"OriginalDate\":\"2020/02/14\",\"ReceiptNumber\":\"000000000000042\",\"HostIdentification\":0,\"HostBatchNumber\":5,\"CardTypeDescription\":\"Credit\",\"CardInputModeDescription\":\"EMV CHIP\",\"TransactionCurrencyCode\":\"32\",\"MerchantPaymentMethodID\":\"111\",\"MerchantPaymentMethodType\":\"1\",\"MerchantPaymentMethodSupportsCashback\":0,\"TransactionResponseType\":\"Buy\",\"DeviceType\":\"TerminalFirstDataVx690Integrated\",\"LastContractVersionAvailable\":\"3.0.0\",\"ContractVersion\":\"2.2.0\",\"DeviceIntegratorVersion\":\"3.0.1\",\"WorkstationInfo\":\"Windows_NT;win32;10.0.18362;x64;TOTEM01;v6.11.5;4820\",\"action\":\"Buy\"}','2020-02-14 12:59:11','2020-02-14 12:59:11'),(70,42,'{\"ResultCode\":-1,\"ResultMessage\":\"The request was accepted by the device.\",\"ResponseActions\":\"Approve\",\"TransactionResponseType\":\"ConfirmTransaction\",\"DeviceType\":\"TerminalFirstDataVx690Integrated\",\"LastContractVersionAvailable\":\"3.0.0\",\"ContractVersion\":\"2.2.0\",\"DeviceIntegratorVersion\":\"3.0.1\",\"WorkstationInfo\":\"Windows_NT;win32;10.0.18362;x64;TOTEM01;v6.11.5;4820\",\"action\":\"ConfirmTransaction\"}','2020-02-14 12:59:11','2020-02-14 12:59:11'),(71,43,'{\"ResultCode\":-1,\"ResultMessage\":\"The request was accepted by the device.\",\"ResponseActions\":\"Approve\",\"Session\":82,\"TerminalIdentification\":\"39563011\",\"BitMap\":\"07000000\",\"CardNumber\":\"451765******6225\",\"IssuerEntity\":\"VISA DEBITO\",\"CardAbbreviation\":\"V3\",\"MerchantPaymentMethodID\":\"111\",\"MerchantPaymentMethodType\":\"1\",\"MerchantPaymentMethodSupportsCashback\":1,\"TransactionResponseType\":\"GetCard\",\"DeviceType\":\"TerminalFirstDataVx690Integrated\",\"LastContractVersionAvailable\":\"3.0.0\",\"ContractVersion\":\"2.2.0\",\"DeviceIntegratorVersion\":\"3.0.1\",\"WorkstationInfo\":\"Windows_NT;win32;10.0.18362;x64;TOTEM01;v6.11.5;4820\",\"action\":\"GetCard\"}','2020-02-14 13:03:17','2020-02-14 13:03:17'),(72,43,'{\"ResultCode\":-1,\"ResultMessage\":\"The request was accepted by the device.\",\"ResponseActions\":\"Approve\",\"Session\":82,\"TerminalIdentification\":\"39563011\",\"HostResultCode\":0,\"BitMap\":\"ff3b1e00\",\"TransactionRequestType\":\"00\",\"TransactionResolutionMode\":\"Online\",\"TransactionDate\":\"2020/02/14\",\"TransactionTime\":\"13:04:16\",\"CardType\":\"D\",\"PaymentMethodDescription\":\"VISA DEBITO\",\"CardNumber\":\"451765******6225\",\"CardInputMode\":\"C\",\"HostAuthorizationCode\":\"461229\",\"HostTicketNumber\":18,\"TransactionCurrencySymbol\":\"-$-\",\"TransactionAmount\":\"100.00\",\"TransactionFacilitiesType\":\"0\",\"TransactionInstallments\":1,\"HostMerchantIdentification\":\"09705321\",\"HostTerminalIdentification\":\"39563011\",\"OriginalDate\":\"2020/02/14\",\"ReceiptNumber\":\"000000000000043\",\"HostIdentification\":0,\"HostBatchNumber\":5,\"CardTypeDescription\":\"Debit\",\"CardInputModeDescription\":\"EMV CHIP\",\"TransactionCurrencyCode\":\"32\",\"MerchantPaymentMethodID\":\"111\",\"MerchantPaymentMethodType\":\"1\",\"MerchantPaymentMethodSupportsCashback\":1,\"TransactionResponseType\":\"Buy\",\"DeviceType\":\"TerminalFirstDataVx690Integrated\",\"LastContractVersionAvailable\":\"3.0.0\",\"ContractVersion\":\"2.2.0\",\"DeviceIntegratorVersion\":\"3.0.1\",\"WorkstationInfo\":\"Windows_NT;win32;10.0.18362;x64;TOTEM01;v6.11.5;4820\",\"action\":\"Buy\"}','2020-02-14 13:03:28','2020-02-14 13:03:28'),(73,43,'{\"ResultCode\":-1,\"ResultMessage\":\"The request was accepted by the device.\",\"ResponseActions\":\"Approve\",\"TransactionResponseType\":\"ConfirmTransaction\",\"DeviceType\":\"TerminalFirstDataVx690Integrated\",\"LastContractVersionAvailable\":\"3.0.0\",\"ContractVersion\":\"2.2.0\",\"DeviceIntegratorVersion\":\"3.0.1\",\"WorkstationInfo\":\"Windows_NT;win32;10.0.18362;x64;TOTEM01;v6.11.5;4820\",\"action\":\"ConfirmTransaction\"}','2020-02-14 13:03:28','2020-02-14 13:03:28'),(74,44,'{\"ResultCode\":2105,\"ResultMessage\":\"ERROR LECTURA\",\"ResponseActions\":\"Refuse\",\"Session\":82,\"TerminalIdentification\":\"39563011\",\"TransactionResponseType\":\"GetCard\",\"DeviceType\":\"TerminalFirstDataVx690Integrated\",\"LastContractVersionAvailable\":\"3.0.0\",\"ContractVersion\":\"2.2.0\",\"DeviceIntegratorVersion\":\"3.0.1\",\"WorkstationInfo\":\"Windows_NT;win32;10.0.18362;x64;TOTEM01;v6.11.5;4820\",\"action\":\"GetCard\"}','2020-02-14 13:13:53','2020-02-14 13:13:53'),(75,44,'{\"ResultCode\":-1,\"ResultMessage\":\"The request was accepted by the device.\",\"ResponseActions\":\"Approve\",\"Session\":82,\"TerminalIdentification\":\"39563011\",\"BitMap\":\"07000000\",\"CardNumber\":\"481397******9001\",\"IssuerEntity\":\"VISA DEBITO\",\"CardAbbreviation\":\"V3\",\"MerchantPaymentMethodID\":\"111\",\"MerchantPaymentMethodType\":\"1\",\"MerchantPaymentMethodSupportsCashback\":1,\"TransactionResponseType\":\"GetCard\",\"DeviceType\":\"TerminalFirstDataVx690Integrated\",\"LastContractVersionAvailable\":\"3.0.0\",\"ContractVersion\":\"2.2.0\",\"DeviceIntegratorVersion\":\"3.0.1\",\"WorkstationInfo\":\"Windows_NT;win32;10.0.18362;x64;TOTEM01;v6.11.5;4820\",\"action\":\"GetCard\"}','2020-02-14 13:14:04','2020-02-14 13:14:04'),(76,44,'{\"ResultCode\":-1,\"ResultMessage\":\"The request was accepted by the device.\",\"ResponseActions\":\"Approve\",\"Session\":82,\"TerminalIdentification\":\"39563011\",\"HostResultCode\":0,\"BitMap\":\"ff3b1e00\",\"TransactionRequestType\":\"00\",\"TransactionResolutionMode\":\"Online\",\"TransactionDate\":\"2020/02/14\",\"TransactionTime\":\"13:15:03\",\"CardType\":\"D\",\"PaymentMethodDescription\":\"VISA DEBITO\",\"CardNumber\":\"481397******9001\",\"CardInputMode\":\"B\",\"HostAuthorizationCode\":\"274525\",\"HostTicketNumber\":19,\"TransactionCurrencySymbol\":\"-$-\",\"TransactionAmount\":\"1005.00\",\"TransactionFacilitiesType\":\"0\",\"TransactionInstallments\":1,\"HostMerchantIdentification\":\"09705321\",\"HostTerminalIdentification\":\"39563011\",\"OriginalDate\":\"2020/02/14\",\"ReceiptNumber\":\"000000000000044\",\"HostIdentification\":0,\"HostBatchNumber\":5,\"CardTypeDescription\":\"Debit\",\"CardInputModeDescription\":\"MAGNETIC STRIP\",\"TransactionCurrencyCode\":\"32\",\"MerchantPaymentMethodID\":\"111\",\"MerchantPaymentMethodType\":\"1\",\"MerchantPaymentMethodSupportsCashback\":1,\"TransactionResponseType\":\"Buy\",\"DeviceType\":\"TerminalFirstDataVx690Integrated\",\"LastContractVersionAvailable\":\"3.0.0\",\"ContractVersion\":\"2.2.0\",\"DeviceIntegratorVersion\":\"3.0.1\",\"WorkstationInfo\":\"Windows_NT;win32;10.0.18362;x64;TOTEM01;v6.11.5;4820\",\"action\":\"Buy\"}','2020-02-14 13:14:14','2020-02-14 13:14:14'),(77,44,'{\"ResultCode\":-1,\"ResultMessage\":\"The request was accepted by the device.\",\"ResponseActions\":\"Approve\",\"TransactionResponseType\":\"ConfirmTransaction\",\"DeviceType\":\"TerminalFirstDataVx690Integrated\",\"LastContractVersionAvailable\":\"3.0.0\",\"ContractVersion\":\"2.2.0\",\"DeviceIntegratorVersion\":\"3.0.1\",\"WorkstationInfo\":\"Windows_NT;win32;10.0.18362;x64;TOTEM01;v6.11.5;4820\",\"action\":\"ConfirmTransaction\"}','2020-02-14 13:14:14','2020-02-14 13:14:14'),(78,45,'{\"ResultCode\":-1,\"ResultMessage\":\"The request was accepted by the device.\",\"ResponseActions\":\"Approve\",\"Session\":82,\"TerminalIdentification\":\"39563011\",\"BitMap\":\"07000000\",\"CardNumber\":\"554730******6561\",\"IssuerEntity\":\"MC DEBIT\",\"CardAbbreviation\":\"DM\",\"MerchantPaymentMethodID\":\"111\",\"MerchantPaymentMethodType\":\"1\",\"MerchantPaymentMethodSupportsCashback\":1,\"TransactionResponseType\":\"GetCard\",\"DeviceType\":\"TerminalFirstDataVx690Integrated\",\"LastContractVersionAvailable\":\"3.0.0\",\"ContractVersion\":\"2.2.0\",\"DeviceIntegratorVersion\":\"3.0.1\",\"WorkstationInfo\":\"Windows_NT;win32;10.0.18362;x64;TOTEM01;v6.11.5;4820\",\"action\":\"GetCard\"}','2020-02-14 13:22:48','2020-02-14 13:22:48'),(79,45,'{\"ResultCode\":-1,\"ResultMessage\":\"The request was accepted by the device.\",\"ResponseActions\":\"Approve\",\"Session\":82,\"TerminalIdentification\":\"39563011\",\"HostResultCode\":0,\"BitMap\":\"ff3b1e00\",\"TransactionRequestType\":\"00\",\"TransactionResolutionMode\":\"Online\",\"TransactionDate\":\"2020/02/14\",\"TransactionTime\":\"13:23:48\",\"CardType\":\"D\",\"PaymentMethodDescription\":\"MC DEBIT\",\"CardNumber\":\"554730******6561\",\"CardInputMode\":\"C\",\"HostAuthorizationCode\":\"592351\",\"HostTicketNumber\":20,\"TransactionCurrencySymbol\":\"-$-\",\"TransactionAmount\":\"1670.00\",\"TransactionFacilitiesType\":\"0\",\"TransactionInstallments\":1,\"HostMerchantIdentification\":\"09705321\",\"HostTerminalIdentification\":\"39563011\",\"OriginalDate\":\"2020/02/14\",\"ReceiptNumber\":\"000000000000045\",\"HostIdentification\":0,\"HostBatchNumber\":5,\"CardTypeDescription\":\"Debit\",\"CardInputModeDescription\":\"EMV CHIP\",\"TransactionCurrencyCode\":\"32\",\"MerchantPaymentMethodID\":\"111\",\"MerchantPaymentMethodType\":\"1\",\"MerchantPaymentMethodSupportsCashback\":1,\"TransactionResponseType\":\"Buy\",\"DeviceType\":\"TerminalFirstDataVx690Integrated\",\"LastContractVersionAvailable\":\"3.0.0\",\"ContractVersion\":\"2.2.0\",\"DeviceIntegratorVersion\":\"3.0.1\",\"WorkstationInfo\":\"Windows_NT;win32;10.0.18362;x64;TOTEM01;v6.11.5;4820\",\"action\":\"Buy\"}','2020-02-14 13:23:02','2020-02-14 13:23:02'),(80,45,'{\"ResultCode\":-1,\"ResultMessage\":\"The request was accepted by the device.\",\"ResponseActions\":\"Approve\",\"TransactionResponseType\":\"ConfirmTransaction\",\"DeviceType\":\"TerminalFirstDataVx690Integrated\",\"LastContractVersionAvailable\":\"3.0.0\",\"ContractVersion\":\"2.2.0\",\"DeviceIntegratorVersion\":\"3.0.1\",\"WorkstationInfo\":\"Windows_NT;win32;10.0.18362;x64;TOTEM01;v6.11.5;4820\",\"action\":\"ConfirmTransaction\"}','2020-02-14 13:23:02','2020-02-14 13:23:02'),(81,46,'{\"ResultCode\":-1,\"ResultMessage\":\"The request was accepted by the device.\",\"ResponseActions\":\"Approve\",\"Session\":82,\"TerminalIdentification\":\"39563011\",\"BitMap\":\"07000000\",\"CardNumber\":\"466057******3130\",\"IssuerEntity\":\"VISA\",\"CardAbbreviation\":\"V1\",\"MerchantPaymentMethodID\":\"111\",\"MerchantPaymentMethodType\":\"1\",\"MerchantPaymentMethodSupportsCashback\":0,\"TransactionResponseType\":\"GetCard\",\"DeviceType\":\"TerminalFirstDataVx690Integrated\",\"LastContractVersionAvailable\":\"3.0.0\",\"ContractVersion\":\"2.2.0\",\"DeviceIntegratorVersion\":\"3.0.1\",\"WorkstationInfo\":\"Windows_NT;win32;10.0.18362;x64;TOTEM01;v6.11.5;4820\",\"action\":\"GetCard\"}','2020-02-14 13:27:40','2020-02-14 13:27:40'),(82,46,'{\"ResultCode\":-1,\"ResultMessage\":\"The request was accepted by the device.\",\"ResponseActions\":\"Approve\",\"Session\":82,\"TerminalIdentification\":\"39563011\",\"HostResultCode\":0,\"BitMap\":\"ff3b1e00\",\"TransactionRequestType\":\"00\",\"TransactionResolutionMode\":\"Online\",\"TransactionDate\":\"2020/02/14\",\"TransactionTime\":\"13:28:39\",\"CardType\":\"C\",\"PaymentMethodDescription\":\"VISA\",\"CardNumber\":\"466057******3130\",\"CardInputMode\":\"C\",\"HostAuthorizationCode\":\"001930\",\"HostTicketNumber\":21,\"TransactionCurrencySymbol\":\"-$-\",\"TransactionAmount\":\"380.00\",\"TransactionFacilitiesType\":\"0\",\"TransactionInstallments\":1,\"HostMerchantIdentification\":\"09705321\",\"HostTerminalIdentification\":\"39563011\",\"OriginalDate\":\"2020/02/14\",\"ReceiptNumber\":\"000000000000046\",\"HostIdentification\":0,\"HostBatchNumber\":5,\"CardTypeDescription\":\"Credit\",\"CardInputModeDescription\":\"EMV CHIP\",\"TransactionCurrencyCode\":\"32\",\"MerchantPaymentMethodID\":\"111\",\"MerchantPaymentMethodType\":\"1\",\"MerchantPaymentMethodSupportsCashback\":0,\"TransactionResponseType\":\"Buy\",\"DeviceType\":\"TerminalFirstDataVx690Integrated\",\"LastContractVersionAvailable\":\"3.0.0\",\"ContractVersion\":\"2.2.0\",\"DeviceIntegratorVersion\":\"3.0.1\",\"WorkstationInfo\":\"Windows_NT;win32;10.0.18362;x64;TOTEM01;v6.11.5;4820\",\"action\":\"Buy\"}','2020-02-14 13:27:57','2020-02-14 13:27:57'),(83,46,'{\"ResultCode\":-1,\"ResultMessage\":\"The request was accepted by the device.\",\"ResponseActions\":\"Approve\",\"TransactionResponseType\":\"ConfirmTransaction\",\"DeviceType\":\"TerminalFirstDataVx690Integrated\",\"LastContractVersionAvailable\":\"3.0.0\",\"ContractVersion\":\"2.2.0\",\"DeviceIntegratorVersion\":\"3.0.1\",\"WorkstationInfo\":\"Windows_NT;win32;10.0.18362;x64;TOTEM01;v6.11.5;4820\",\"action\":\"ConfirmTransaction\"}','2020-02-14 13:27:57','2020-02-14 13:27:57'),(84,48,'{\"ResultCode\":2055,\"ResultMessage\":\"No response from the device.\",\"ResponseActions\":\"Refuse,Retry\",\"DeviceType\":\"TerminalFirstDataVx690Integrated\",\"LastContractVersionAvailable\":\"3.0.0\",\"ContractVersion\":\"2.2.0\",\"DeviceIntegratorVersion\":\"3.0.1\",\"WorkstationInfo\":\"Windows_NT;win32;10.0.18362;x64;TOTEM01;v6.11.5;4820\",\"action\":\"GetCard\"}','2020-02-14 13:39:18','2020-02-14 13:39:18'),(85,48,'{\"ResultCode\":2105,\"ResultMessage\":\"ERROR LECTURA\",\"ResponseActions\":\"Refuse\",\"ProtocolVersion\":\"0002\",\"TerminalIdentification\":\"39563011\",\"Session\":83,\"TransactionResponseType\":\"GetCard\",\"DeviceType\":\"TerminalFirstDataVx690Integrated\",\"LastContractVersionAvailable\":\"3.0.0\",\"ContractVersion\":\"2.2.0\",\"DeviceIntegratorVersion\":\"3.0.1\",\"WorkstationInfo\":\"Windows_NT;win32;10.0.18362;x64;TOTEM01;v6.11.5;4820\",\"action\":\"GetCard\"}','2020-02-14 13:39:37','2020-02-14 13:39:37'),(86,48,'{\"ResultCode\":2105,\"ResultMessage\":\"ERROR LECTURA\",\"ResponseActions\":\"Refuse\",\"Session\":83,\"TerminalIdentification\":\"39563011\",\"TransactionResponseType\":\"GetCard\",\"DeviceType\":\"TerminalFirstDataVx690Integrated\",\"LastContractVersionAvailable\":\"3.0.0\",\"ContractVersion\":\"2.2.0\",\"DeviceIntegratorVersion\":\"3.0.1\",\"WorkstationInfo\":\"Windows_NT;win32;10.0.18362;x64;TOTEM01;v6.11.5;4820\",\"action\":\"GetCard\"}','2020-02-14 13:40:04','2020-02-14 13:40:04'),(87,48,'{\"ResultCode\":-1,\"ResultMessage\":\"The request was accepted by the device.\",\"ResponseActions\":\"Approve\",\"Session\":83,\"TerminalIdentification\":\"39563011\",\"BitMap\":\"07000000\",\"CardNumber\":\"439818******9006\",\"IssuerEntity\":\"VISA DEBITO\",\"CardAbbreviation\":\"V3\",\"MerchantPaymentMethodID\":\"111\",\"MerchantPaymentMethodType\":\"1\",\"MerchantPaymentMethodSupportsCashback\":1,\"TransactionResponseType\":\"GetCard\",\"DeviceType\":\"TerminalFirstDataVx690Integrated\",\"LastContractVersionAvailable\":\"3.0.0\",\"ContractVersion\":\"2.2.0\",\"DeviceIntegratorVersion\":\"3.0.1\",\"WorkstationInfo\":\"Windows_NT;win32;10.0.18362;x64;TOTEM01;v6.11.5;4820\",\"action\":\"GetCard\"}','2020-02-14 13:40:11','2020-02-14 13:40:11'),(88,48,'{\"ResultCode\":-1,\"ResultMessage\":\"The request was accepted by the device.\",\"ResponseActions\":\"Approve\",\"Session\":83,\"TerminalIdentification\":\"39563011\",\"HostResultCode\":0,\"BitMap\":\"ff3b1e00\",\"TransactionRequestType\":\"00\",\"TransactionResolutionMode\":\"Online\",\"TransactionDate\":\"2020/02/14\",\"TransactionTime\":\"13:41:10\",\"CardType\":\"D\",\"PaymentMethodDescription\":\"VISA DEBITO\",\"CardNumber\":\"439818******9006\",\"CardInputMode\":\"B\",\"HostAuthorizationCode\":\"273251\",\"HostTicketNumber\":22,\"TransactionCurrencySymbol\":\"-$-\",\"TransactionAmount\":\"540.00\",\"TransactionFacilitiesType\":\"0\",\"TransactionInstallments\":1,\"HostMerchantIdentification\":\"09705321\",\"HostTerminalIdentification\":\"39563011\",\"OriginalDate\":\"2020/02/14\",\"ReceiptNumber\":\"000000000000048\",\"HostIdentification\":0,\"HostBatchNumber\":5,\"CardTypeDescription\":\"Debit\",\"CardInputModeDescription\":\"MAGNETIC STRIP\",\"TransactionCurrencyCode\":\"32\",\"MerchantPaymentMethodID\":\"111\",\"MerchantPaymentMethodType\":\"1\",\"MerchantPaymentMethodSupportsCashback\":1,\"TransactionResponseType\":\"Buy\",\"DeviceType\":\"TerminalFirstDataVx690Integrated\",\"LastContractVersionAvailable\":\"3.0.0\",\"ContractVersion\":\"2.2.0\",\"DeviceIntegratorVersion\":\"3.0.1\",\"WorkstationInfo\":\"Windows_NT;win32;10.0.18362;x64;TOTEM01;v6.11.5;4820\",\"action\":\"Buy\"}','2020-02-14 13:40:21','2020-02-14 13:40:21'),(89,48,'{\"ResultCode\":-1,\"ResultMessage\":\"The request was accepted by the device.\",\"ResponseActions\":\"Approve\",\"TransactionResponseType\":\"ConfirmTransaction\",\"DeviceType\":\"TerminalFirstDataVx690Integrated\",\"LastContractVersionAvailable\":\"3.0.0\",\"ContractVersion\":\"2.2.0\",\"DeviceIntegratorVersion\":\"3.0.1\",\"WorkstationInfo\":\"Windows_NT;win32;10.0.18362;x64;TOTEM01;v6.11.5;4820\",\"action\":\"ConfirmTransaction\"}','2020-02-14 13:40:21','2020-02-14 13:40:21'),(90,49,'{\"ResultCode\":-1,\"ResultMessage\":\"The request was accepted by the device.\",\"ResponseActions\":\"Approve\",\"Session\":83,\"TerminalIdentification\":\"39563011\",\"BitMap\":\"07000000\",\"CardNumber\":\"451751******3811\",\"IssuerEntity\":\"VISA DEBITO\",\"CardAbbreviation\":\"V3\",\"MerchantPaymentMethodID\":\"111\",\"MerchantPaymentMethodType\":\"1\",\"MerchantPaymentMethodSupportsCashback\":1,\"TransactionResponseType\":\"GetCard\",\"DeviceType\":\"TerminalFirstDataVx690Integrated\",\"LastContractVersionAvailable\":\"3.0.0\",\"ContractVersion\":\"2.2.0\",\"DeviceIntegratorVersion\":\"3.0.1\",\"WorkstationInfo\":\"Windows_NT;win32;10.0.18362;x64;TOTEM01;v6.11.5;4820\",\"action\":\"GetCard\"}','2020-02-14 13:45:36','2020-02-14 13:45:36'),(91,49,'{\"ResultCode\":-1,\"ResultMessage\":\"The request was accepted by the device.\",\"ResponseActions\":\"Approve\",\"Session\":83,\"TerminalIdentification\":\"39563011\",\"HostResultCode\":0,\"BitMap\":\"ff3b1e00\",\"TransactionRequestType\":\"00\",\"TransactionResolutionMode\":\"Online\",\"TransactionDate\":\"2020/02/14\",\"TransactionTime\":\"13:46:35\",\"CardType\":\"D\",\"PaymentMethodDescription\":\"VISA DEBITO\",\"CardNumber\":\"451751******3811\",\"CardInputMode\":\"C\",\"HostAuthorizationCode\":\"468422\",\"HostTicketNumber\":23,\"TransactionCurrencySymbol\":\"-$-\",\"TransactionAmount\":\"800.00\",\"TransactionFacilitiesType\":\"0\",\"TransactionInstallments\":1,\"HostMerchantIdentification\":\"09705321\",\"HostTerminalIdentification\":\"39563011\",\"OriginalDate\":\"2020/02/14\",\"ReceiptNumber\":\"000000000000049\",\"HostIdentification\":0,\"HostBatchNumber\":5,\"CardTypeDescription\":\"Debit\",\"CardInputModeDescription\":\"EMV CHIP\",\"TransactionCurrencyCode\":\"32\",\"MerchantPaymentMethodID\":\"111\",\"MerchantPaymentMethodType\":\"1\",\"MerchantPaymentMethodSupportsCashback\":1,\"TransactionResponseType\":\"Buy\",\"DeviceType\":\"TerminalFirstDataVx690Integrated\",\"LastContractVersionAvailable\":\"3.0.0\",\"ContractVersion\":\"2.2.0\",\"DeviceIntegratorVersion\":\"3.0.1\",\"WorkstationInfo\":\"Windows_NT;win32;10.0.18362;x64;TOTEM01;v6.11.5;4820\",\"action\":\"Buy\"}','2020-02-14 13:45:49','2020-02-14 13:45:49'),(92,49,'{\"ResultCode\":-1,\"ResultMessage\":\"The request was accepted by the device.\",\"ResponseActions\":\"Approve\",\"TransactionResponseType\":\"ConfirmTransaction\",\"DeviceType\":\"TerminalFirstDataVx690Integrated\",\"LastContractVersionAvailable\":\"3.0.0\",\"ContractVersion\":\"2.2.0\",\"DeviceIntegratorVersion\":\"3.0.1\",\"WorkstationInfo\":\"Windows_NT;win32;10.0.18362;x64;TOTEM01;v6.11.5;4820\",\"action\":\"ConfirmTransaction\"}','2020-02-14 13:45:49','2020-02-14 13:45:49'),(93,51,'{\"ResultCode\":-1,\"ResultMessage\":\"The request was accepted by the device.\",\"ResponseActions\":\"Approve\",\"Session\":83,\"TerminalIdentification\":\"39563011\",\"BitMap\":\"07000000\",\"CardNumber\":\"451377******8021\",\"IssuerEntity\":\"VISA DEBITO\",\"CardAbbreviation\":\"V3\",\"MerchantPaymentMethodID\":\"111\",\"MerchantPaymentMethodType\":\"1\",\"MerchantPaymentMethodSupportsCashback\":1,\"TransactionResponseType\":\"GetCard\",\"DeviceType\":\"TerminalFirstDataVx690Integrated\",\"LastContractVersionAvailable\":\"3.0.0\",\"ContractVersion\":\"2.2.0\",\"DeviceIntegratorVersion\":\"3.0.1\",\"WorkstationInfo\":\"Windows_NT;win32;10.0.18362;x64;TOTEM01;v6.11.5;4820\",\"action\":\"GetCard\"}','2020-02-14 14:12:37','2020-02-14 14:12:37'),(94,51,'{\"ResultCode\":-1,\"ResultMessage\":\"The request was accepted by the device.\",\"ResponseActions\":\"Approve\",\"Session\":83,\"TerminalIdentification\":\"39563011\",\"HostResultCode\":0,\"BitMap\":\"ff3b1e00\",\"TransactionRequestType\":\"00\",\"TransactionResolutionMode\":\"Online\",\"TransactionDate\":\"2020/02/14\",\"TransactionTime\":\"14:13:36\",\"CardType\":\"D\",\"PaymentMethodDescription\":\"VISA DEBITO\",\"CardNumber\":\"451377******8021\",\"CardInputMode\":\"B\",\"HostAuthorizationCode\":\"658672\",\"HostTicketNumber\":24,\"TransactionCurrencySymbol\":\"-$-\",\"TransactionAmount\":\"350.00\",\"TransactionFacilitiesType\":\"0\",\"TransactionInstallments\":1,\"HostMerchantIdentification\":\"09705321\",\"HostTerminalIdentification\":\"39563011\",\"OriginalDate\":\"2020/02/14\",\"ReceiptNumber\":\"000000000000051\",\"HostIdentification\":0,\"HostBatchNumber\":5,\"CardTypeDescription\":\"Debit\",\"CardInputModeDescription\":\"MAGNETIC STRIP\",\"TransactionCurrencyCode\":\"32\",\"MerchantPaymentMethodID\":\"111\",\"MerchantPaymentMethodType\":\"1\",\"MerchantPaymentMethodSupportsCashback\":1,\"TransactionResponseType\":\"Buy\",\"DeviceType\":\"TerminalFirstDataVx690Integrated\",\"LastContractVersionAvailable\":\"3.0.0\",\"ContractVersion\":\"2.2.0\",\"DeviceIntegratorVersion\":\"3.0.1\",\"WorkstationInfo\":\"Windows_NT;win32;10.0.18362;x64;TOTEM01;v6.11.5;4820\",\"action\":\"Buy\"}','2020-02-14 14:12:47','2020-02-14 14:12:47'),(95,51,'{\"ResultCode\":-1,\"ResultMessage\":\"The request was accepted by the device.\",\"ResponseActions\":\"Approve\",\"TransactionResponseType\":\"ConfirmTransaction\",\"DeviceType\":\"TerminalFirstDataVx690Integrated\",\"LastContractVersionAvailable\":\"3.0.0\",\"ContractVersion\":\"2.2.0\",\"DeviceIntegratorVersion\":\"3.0.1\",\"WorkstationInfo\":\"Windows_NT;win32;10.0.18362;x64;TOTEM01;v6.11.5;4820\",\"action\":\"ConfirmTransaction\"}','2020-02-14 14:12:47','2020-02-14 14:12:47'),(96,52,'{\"ResultCode\":-1,\"ResultMessage\":\"The request was accepted by the device.\",\"ResponseActions\":\"Approve\",\"Session\":83,\"TerminalIdentification\":\"39563011\",\"BitMap\":\"07000000\",\"CardNumber\":\"451766******1811\",\"IssuerEntity\":\"VISA DEBITO\",\"CardAbbreviation\":\"V3\",\"MerchantPaymentMethodID\":\"111\",\"MerchantPaymentMethodType\":\"1\",\"MerchantPaymentMethodSupportsCashback\":1,\"TransactionResponseType\":\"GetCard\",\"DeviceType\":\"TerminalFirstDataVx690Integrated\",\"LastContractVersionAvailable\":\"3.0.0\",\"ContractVersion\":\"2.2.0\",\"DeviceIntegratorVersion\":\"3.0.1\",\"WorkstationInfo\":\"Windows_NT;win32;10.0.18362;x64;TOTEM01;v6.11.5;4820\",\"action\":\"GetCard\"}','2020-02-14 14:14:00','2020-02-14 14:14:00'),(97,52,'{\"ResultCode\":-1,\"ResultMessage\":\"The request was accepted by the device.\",\"ResponseActions\":\"Approve\",\"Session\":83,\"TerminalIdentification\":\"39563011\",\"HostResultCode\":0,\"BitMap\":\"ff3b1e00\",\"TransactionRequestType\":\"00\",\"TransactionResolutionMode\":\"Online\",\"TransactionDate\":\"2020/02/14\",\"TransactionTime\":\"14:14:59\",\"CardType\":\"D\",\"PaymentMethodDescription\":\"VISA DEBITO\",\"CardNumber\":\"451766******1811\",\"CardInputMode\":\"C\",\"HostAuthorizationCode\":\"692491\",\"HostTicketNumber\":25,\"TransactionCurrencySymbol\":\"-$-\",\"TransactionAmount\":\"700.00\",\"TransactionFacilitiesType\":\"0\",\"TransactionInstallments\":1,\"HostMerchantIdentification\":\"09705321\",\"HostTerminalIdentification\":\"39563011\",\"OriginalDate\":\"2020/02/14\",\"ReceiptNumber\":\"000000000000052\",\"HostIdentification\":0,\"HostBatchNumber\":5,\"CardTypeDescription\":\"Debit\",\"CardInputModeDescription\":\"EMV CHIP\",\"TransactionCurrencyCode\":\"32\",\"MerchantPaymentMethodID\":\"111\",\"MerchantPaymentMethodType\":\"1\",\"MerchantPaymentMethodSupportsCashback\":1,\"TransactionResponseType\":\"Buy\",\"DeviceType\":\"TerminalFirstDataVx690Integrated\",\"LastContractVersionAvailable\":\"3.0.0\",\"ContractVersion\":\"2.2.0\",\"DeviceIntegratorVersion\":\"3.0.1\",\"WorkstationInfo\":\"Windows_NT;win32;10.0.18362;x64;TOTEM01;v6.11.5;4820\",\"action\":\"Buy\"}','2020-02-14 14:14:10','2020-02-14 14:14:10'),(98,52,'{\"ResultCode\":-1,\"ResultMessage\":\"The request was accepted by the device.\",\"ResponseActions\":\"Approve\",\"TransactionResponseType\":\"ConfirmTransaction\",\"DeviceType\":\"TerminalFirstDataVx690Integrated\",\"LastContractVersionAvailable\":\"3.0.0\",\"ContractVersion\":\"2.2.0\",\"DeviceIntegratorVersion\":\"3.0.1\",\"WorkstationInfo\":\"Windows_NT;win32;10.0.18362;x64;TOTEM01;v6.11.5;4820\",\"action\":\"ConfirmTransaction\"}','2020-02-14 14:14:10','2020-02-14 14:14:10'),(99,54,'{\"ResultCode\":-1,\"ResultMessage\":\"The request was accepted by the device.\",\"ResponseActions\":\"Approve\",\"Session\":83,\"TerminalIdentification\":\"39563011\",\"BitMap\":\"07000000\",\"CardNumber\":\"450832******0061\",\"IssuerEntity\":\"VISA\",\"CardAbbreviation\":\"V1\",\"MerchantPaymentMethodID\":\"111\",\"MerchantPaymentMethodType\":\"1\",\"MerchantPaymentMethodSupportsCashback\":0,\"TransactionResponseType\":\"GetCard\",\"DeviceType\":\"TerminalFirstDataVx690Integrated\",\"LastContractVersionAvailable\":\"3.0.0\",\"ContractVersion\":\"2.2.0\",\"DeviceIntegratorVersion\":\"3.0.1\",\"WorkstationInfo\":\"Windows_NT;win32;10.0.18362;x64;TOTEM01;v6.11.5;4820\",\"action\":\"GetCard\"}','2020-02-14 14:18:10','2020-02-14 14:18:10'),(100,54,'{\"ResultCode\":-1,\"ResultMessage\":\"The request was accepted by the device.\",\"ResponseActions\":\"Approve\",\"Session\":83,\"TerminalIdentification\":\"39563011\",\"HostResultCode\":0,\"BitMap\":\"ff3b1e00\",\"TransactionRequestType\":\"00\",\"TransactionResolutionMode\":\"Online\",\"TransactionDate\":\"2020/02/14\",\"TransactionTime\":\"14:19:26\",\"CardType\":\"C\",\"PaymentMethodDescription\":\"VISA\",\"CardNumber\":\"450832******0061\",\"CardInputMode\":\"B\",\"HostAuthorizationCode\":\"002560\",\"HostTicketNumber\":26,\"TransactionCurrencySymbol\":\"-$-\",\"TransactionAmount\":\"445.00\",\"TransactionFacilitiesType\":\"0\",\"TransactionInstallments\":1,\"HostMerchantIdentification\":\"09705321\",\"HostTerminalIdentification\":\"39563011\",\"OriginalDate\":\"2020/02/14\",\"ReceiptNumber\":\"000000000000054\",\"HostIdentification\":0,\"HostBatchNumber\":5,\"CardTypeDescription\":\"Credit\",\"CardInputModeDescription\":\"MAGNETIC STRIP\",\"TransactionCurrencyCode\":\"32\",\"MerchantPaymentMethodID\":\"111\",\"MerchantPaymentMethodType\":\"1\",\"MerchantPaymentMethodSupportsCashback\":0,\"TransactionResponseType\":\"Buy\",\"DeviceType\":\"TerminalFirstDataVx690Integrated\",\"LastContractVersionAvailable\":\"3.0.0\",\"ContractVersion\":\"2.2.0\",\"DeviceIntegratorVersion\":\"3.0.1\",\"WorkstationInfo\":\"Windows_NT;win32;10.0.18362;x64;TOTEM01;v6.11.5;4820\",\"action\":\"Buy\"}','2020-02-14 14:18:38','2020-02-14 14:18:38'),(101,54,'{\"ResultCode\":-1,\"ResultMessage\":\"The request was accepted by the device.\",\"ResponseActions\":\"Approve\",\"TransactionResponseType\":\"ConfirmTransaction\",\"DeviceType\":\"TerminalFirstDataVx690Integrated\",\"LastContractVersionAvailable\":\"3.0.0\",\"ContractVersion\":\"2.2.0\",\"DeviceIntegratorVersion\":\"3.0.1\",\"WorkstationInfo\":\"Windows_NT;win32;10.0.18362;x64;TOTEM01;v6.11.5;4820\",\"action\":\"ConfirmTransaction\"}','2020-02-14 14:18:38','2020-02-14 14:18:38'),(102,55,'{\"ResultCode\":-1,\"ResultMessage\":\"The request was accepted by the device.\",\"ResponseActions\":\"Approve\",\"Session\":83,\"TerminalIdentification\":\"39563011\",\"BitMap\":\"07000000\",\"CardNumber\":\"489321******8068\",\"IssuerEntity\":\"VISA\",\"CardAbbreviation\":\"V1\",\"MerchantPaymentMethodID\":\"111\",\"MerchantPaymentMethodType\":\"1\",\"MerchantPaymentMethodSupportsCashback\":0,\"TransactionResponseType\":\"GetCard\",\"DeviceType\":\"TerminalFirstDataVx690Integrated\",\"LastContractVersionAvailable\":\"3.0.0\",\"ContractVersion\":\"2.2.0\",\"DeviceIntegratorVersion\":\"3.0.1\",\"WorkstationInfo\":\"Windows_NT;win32;10.0.18362;x64;TOTEM01;v6.11.5;4820\",\"action\":\"GetCard\"}','2020-02-14 14:19:59','2020-02-14 14:19:59'),(103,55,'{\"ResultCode\":-1,\"ResultMessage\":\"The request was accepted by the device.\",\"ResponseActions\":\"Approve\",\"Session\":83,\"TerminalIdentification\":\"39563011\",\"HostResultCode\":0,\"BitMap\":\"ff3b1e00\",\"TransactionRequestType\":\"00\",\"TransactionResolutionMode\":\"Online\",\"TransactionDate\":\"2020/02/14\",\"TransactionTime\":\"14:20:58\",\"CardType\":\"C\",\"PaymentMethodDescription\":\"VISA\",\"CardNumber\":\"489321******8068\",\"CardInputMode\":\"C\",\"HostAuthorizationCode\":\"018100\",\"HostTicketNumber\":27,\"TransactionCurrencySymbol\":\"-$-\",\"TransactionAmount\":\"380.00\",\"TransactionFacilitiesType\":\"0\",\"TransactionInstallments\":1,\"HostMerchantIdentification\":\"09705321\",\"HostTerminalIdentification\":\"39563011\",\"OriginalDate\":\"2020/02/14\",\"ReceiptNumber\":\"000000000000055\",\"HostIdentification\":0,\"HostBatchNumber\":5,\"CardTypeDescription\":\"Credit\",\"CardInputModeDescription\":\"EMV CHIP\",\"TransactionCurrencyCode\":\"32\",\"MerchantPaymentMethodID\":\"111\",\"MerchantPaymentMethodType\":\"1\",\"MerchantPaymentMethodSupportsCashback\":0,\"TransactionResponseType\":\"Buy\",\"DeviceType\":\"TerminalFirstDataVx690Integrated\",\"LastContractVersionAvailable\":\"3.0.0\",\"ContractVersion\":\"2.2.0\",\"DeviceIntegratorVersion\":\"3.0.1\",\"WorkstationInfo\":\"Windows_NT;win32;10.0.18362;x64;TOTEM01;v6.11.5;4820\",\"action\":\"Buy\"}','2020-02-14 14:20:11','2020-02-14 14:20:11'),(104,55,'{\"ResultCode\":-1,\"ResultMessage\":\"The request was accepted by the device.\",\"ResponseActions\":\"Approve\",\"TransactionResponseType\":\"ConfirmTransaction\",\"DeviceType\":\"TerminalFirstDataVx690Integrated\",\"LastContractVersionAvailable\":\"3.0.0\",\"ContractVersion\":\"2.2.0\",\"DeviceIntegratorVersion\":\"3.0.1\",\"WorkstationInfo\":\"Windows_NT;win32;10.0.18362;x64;TOTEM01;v6.11.5;4820\",\"action\":\"ConfirmTransaction\"}','2020-02-14 14:20:11','2020-02-14 14:20:11'),(105,56,'{\"ResultCode\":-1,\"ResultMessage\":\"The request was accepted by the device.\",\"ResponseActions\":\"Approve\",\"Session\":83,\"TerminalIdentification\":\"39563011\",\"BitMap\":\"07000000\",\"CardNumber\":\"589657******4748\",\"IssuerEntity\":\"CABAL\",\"CardAbbreviation\":\"CA\",\"MerchantPaymentMethodID\":\"111\",\"MerchantPaymentMethodType\":\"1\",\"MerchantPaymentMethodSupportsCashback\":0,\"TransactionResponseType\":\"GetCard\",\"DeviceType\":\"TerminalFirstDataVx690Integrated\",\"LastContractVersionAvailable\":\"3.0.0\",\"ContractVersion\":\"2.2.0\",\"DeviceIntegratorVersion\":\"3.0.1\",\"WorkstationInfo\":\"Windows_NT;win32;10.0.18362;x64;TOTEM01;v6.11.5;4820\",\"action\":\"GetCard\"}','2020-02-14 14:28:03','2020-02-14 14:28:03'),(106,56,'{\"ResultCode\":-1,\"ResultMessage\":\"The request was accepted by the device.\",\"ResponseActions\":\"Approve\",\"Session\":83,\"TerminalIdentification\":\"39563011\",\"HostResultCode\":0,\"BitMap\":\"ff3b1e00\",\"TransactionRequestType\":\"00\",\"TransactionResolutionMode\":\"Online\",\"TransactionDate\":\"2020/02/14\",\"TransactionTime\":\"14:29:14\",\"CardType\":\"C\",\"PaymentMethodDescription\":\"CABAL\",\"CardNumber\":\"589657******4748\",\"CardInputMode\":\"B\",\"HostAuthorizationCode\":\"889681\",\"HostTicketNumber\":28,\"TransactionCurrencySymbol\":\"-$-\",\"TransactionAmount\":\"845.00\",\"TransactionFacilitiesType\":\"0\",\"TransactionInstallments\":1,\"HostMerchantIdentification\":\"45267950002\",\"HostTerminalIdentification\":\"39563011\",\"OriginalDate\":\"2020/02/14\",\"ReceiptNumber\":\"000000000000056\",\"HostIdentification\":0,\"HostBatchNumber\":5,\"CardTypeDescription\":\"Credit\",\"CardInputModeDescription\":\"MAGNETIC STRIP\",\"TransactionCurrencyCode\":\"32\",\"MerchantPaymentMethodID\":\"111\",\"MerchantPaymentMethodType\":\"1\",\"MerchantPaymentMethodSupportsCashback\":0,\"TransactionResponseType\":\"Buy\",\"DeviceType\":\"TerminalFirstDataVx690Integrated\",\"LastContractVersionAvailable\":\"3.0.0\",\"ContractVersion\":\"2.2.0\",\"DeviceIntegratorVersion\":\"3.0.1\",\"WorkstationInfo\":\"Windows_NT;win32;10.0.18362;x64;TOTEM01;v6.11.5;4820\",\"action\":\"Buy\"}','2020-02-14 14:28:25','2020-02-14 14:28:25'),(107,56,'{\"ResultCode\":-1,\"ResultMessage\":\"The request was accepted by the device.\",\"ResponseActions\":\"Approve\",\"TransactionResponseType\":\"ConfirmTransaction\",\"DeviceType\":\"TerminalFirstDataVx690Integrated\",\"LastContractVersionAvailable\":\"3.0.0\",\"ContractVersion\":\"2.2.0\",\"DeviceIntegratorVersion\":\"3.0.1\",\"WorkstationInfo\":\"Windows_NT;win32;10.0.18362;x64;TOTEM01;v6.11.5;4820\",\"action\":\"ConfirmTransaction\"}','2020-02-14 14:28:25','2020-02-14 14:28:25'),(108,59,'{\"ResultCode\":2105,\"ResultMessage\":\"ERROR LECTURA\",\"ResponseActions\":\"Refuse\",\"ProtocolVersion\":\"0002\",\"TerminalIdentification\":\"39563011\",\"Session\":84,\"TransactionResponseType\":\"GetCard\",\"DeviceType\":\"TerminalFirstDataVx690Integrated\",\"LastContractVersionAvailable\":\"3.0.0\",\"ContractVersion\":\"2.2.0\",\"DeviceIntegratorVersion\":\"3.0.1\",\"WorkstationInfo\":\"Windows_NT;win32;10.0.18362;x64;TOTEM01;v6.11.5;4532\",\"action\":\"GetCard\"}','2020-02-15 12:41:43','2020-02-15 12:41:43'),(109,59,'{\"ResultCode\":-1,\"ResultMessage\":\"The request was accepted by the device.\",\"ResponseActions\":\"Approve\",\"Session\":84,\"TerminalIdentification\":\"39563011\",\"BitMap\":\"07000000\",\"CardNumber\":\"451377******0018\",\"IssuerEntity\":\"VISA DEBITO\",\"CardAbbreviation\":\"V3\",\"MerchantPaymentMethodID\":\"111\",\"MerchantPaymentMethodType\":\"1\",\"MerchantPaymentMethodSupportsCashback\":1,\"TransactionResponseType\":\"GetCard\",\"DeviceType\":\"TerminalFirstDataVx690Integrated\",\"LastContractVersionAvailable\":\"3.0.0\",\"ContractVersion\":\"2.2.0\",\"DeviceIntegratorVersion\":\"3.0.1\",\"WorkstationInfo\":\"Windows_NT;win32;10.0.18362;x64;TOTEM01;v6.11.5;4532\",\"action\":\"GetCard\"}','2020-02-15 12:41:58','2020-02-15 12:41:58'),(110,59,'{\"ResultCode\":-1,\"ResultMessage\":\"The request was accepted by the device.\",\"ResponseActions\":\"Approve\",\"Session\":84,\"TerminalIdentification\":\"39563011\",\"HostResultCode\":0,\"BitMap\":\"ff3b1e00\",\"TransactionRequestType\":\"00\",\"TransactionResolutionMode\":\"Online\",\"TransactionDate\":\"2020/02/15\",\"TransactionTime\":\"12:43:16\",\"CardType\":\"D\",\"PaymentMethodDescription\":\"VISA DEBITO\",\"CardNumber\":\"451377******0018\",\"CardInputMode\":\"B\",\"HostAuthorizationCode\":\"828823\",\"HostTicketNumber\":29,\"TransactionCurrencySymbol\":\"-$-\",\"TransactionAmount\":\"550.00\",\"TransactionFacilitiesType\":\"0\",\"TransactionInstallments\":1,\"HostMerchantIdentification\":\"09705321\",\"HostTerminalIdentification\":\"39563011\",\"OriginalDate\":\"2020/02/15\",\"ReceiptNumber\":\"000000000000059\",\"HostIdentification\":0,\"HostBatchNumber\":5,\"CardTypeDescription\":\"Debit\",\"CardInputModeDescription\":\"MAGNETIC STRIP\",\"TransactionCurrencyCode\":\"32\",\"MerchantPaymentMethodID\":\"111\",\"MerchantPaymentMethodType\":\"1\",\"MerchantPaymentMethodSupportsCashback\":1,\"TransactionResponseType\":\"Buy\",\"DeviceType\":\"TerminalFirstDataVx690Integrated\",\"LastContractVersionAvailable\":\"3.0.0\",\"ContractVersion\":\"2.2.0\",\"DeviceIntegratorVersion\":\"3.0.1\",\"WorkstationInfo\":\"Windows_NT;win32;10.0.18362;x64;TOTEM01;v6.11.5;4532\",\"action\":\"Buy\"}','2020-02-15 12:42:29','2020-02-15 12:42:29'),(111,59,'{\"ResultCode\":-1,\"ResultMessage\":\"The request was accepted by the device.\",\"ResponseActions\":\"Approve\",\"TransactionResponseType\":\"ConfirmTransaction\",\"DeviceType\":\"TerminalFirstDataVx690Integrated\",\"LastContractVersionAvailable\":\"3.0.0\",\"ContractVersion\":\"2.2.0\",\"DeviceIntegratorVersion\":\"3.0.1\",\"WorkstationInfo\":\"Windows_NT;win32;10.0.18362;x64;TOTEM01;v6.11.5;4532\",\"action\":\"ConfirmTransaction\"}','2020-02-15 12:42:29','2020-02-15 12:42:29'),(112,60,'{\"ResultCode\":-1,\"ResultMessage\":\"The request was accepted by the device.\",\"ResponseActions\":\"Approve\",\"ProtocolVersion\":\"0002\",\"TerminalIdentification\":\"39563011\",\"Session\":85,\"BitMap\":\"07000000\",\"CardNumber\":\"451769******1784\",\"IssuerEntity\":\"VISA DEBITO\",\"CardAbbreviation\":\"V3\",\"MerchantPaymentMethodID\":\"111\",\"MerchantPaymentMethodType\":\"1\",\"MerchantPaymentMethodSupportsCashback\":1,\"TransactionResponseType\":\"GetCard\",\"DeviceType\":\"TerminalFirstDataVx690Integrated\",\"LastContractVersionAvailable\":\"3.0.0\",\"ContractVersion\":\"2.2.0\",\"DeviceIntegratorVersion\":\"3.0.1\",\"WorkstationInfo\":\"Windows_NT;win32;10.0.18362;x64;TOTEM01;v6.11.5;4856\",\"action\":\"GetCard\"}','2020-02-15 12:57:33','2020-02-15 12:57:33'),(113,60,'{\"ResultCode\":-1,\"ResultMessage\":\"The request was accepted by the device.\",\"ResponseActions\":\"Approve\",\"Session\":85,\"TerminalIdentification\":\"39563011\",\"HostResultCode\":0,\"BitMap\":\"ff3b1e00\",\"TransactionRequestType\":\"00\",\"TransactionResolutionMode\":\"Online\",\"TransactionDate\":\"2020/02/15\",\"TransactionTime\":\"12:58:32\",\"CardType\":\"D\",\"PaymentMethodDescription\":\"VISA DEBITO\",\"CardNumber\":\"451769******1784\",\"CardInputMode\":\"C\",\"HostAuthorizationCode\":\"182682\",\"HostTicketNumber\":30,\"TransactionCurrencySymbol\":\"-$-\",\"TransactionAmount\":\"940.00\",\"TransactionFacilitiesType\":\"0\",\"TransactionInstallments\":1,\"HostMerchantIdentification\":\"09705321\",\"HostTerminalIdentification\":\"39563011\",\"OriginalDate\":\"2020/02/15\",\"ReceiptNumber\":\"000000000000060\",\"HostIdentification\":0,\"HostBatchNumber\":5,\"CardTypeDescription\":\"Debit\",\"CardInputModeDescription\":\"EMV CHIP\",\"TransactionCurrencyCode\":\"32\",\"MerchantPaymentMethodID\":\"111\",\"MerchantPaymentMethodType\":\"1\",\"MerchantPaymentMethodSupportsCashback\":1,\"TransactionResponseType\":\"Buy\",\"DeviceType\":\"TerminalFirstDataVx690Integrated\",\"LastContractVersionAvailable\":\"3.0.0\",\"ContractVersion\":\"2.2.0\",\"DeviceIntegratorVersion\":\"3.0.1\",\"WorkstationInfo\":\"Windows_NT;win32;10.0.18362;x64;TOTEM01;v6.11.5;4856\",\"action\":\"Buy\"}','2020-02-15 12:57:44','2020-02-15 12:57:44'),(114,60,'{\"ResultCode\":-1,\"ResultMessage\":\"The request was accepted by the device.\",\"ResponseActions\":\"Approve\",\"TransactionResponseType\":\"ConfirmTransaction\",\"DeviceType\":\"TerminalFirstDataVx690Integrated\",\"LastContractVersionAvailable\":\"3.0.0\",\"ContractVersion\":\"2.2.0\",\"DeviceIntegratorVersion\":\"3.0.1\",\"WorkstationInfo\":\"Windows_NT;win32;10.0.18362;x64;TOTEM01;v6.11.5;4856\",\"action\":\"ConfirmTransaction\"}','2020-02-15 12:57:44','2020-02-15 12:57:44'),(115,62,'{\"ResultCode\":-1,\"ResultMessage\":\"The request was accepted by the device.\",\"ResponseActions\":\"Approve\",\"Session\":85,\"TerminalIdentification\":\"39563011\",\"BitMap\":\"07000000\",\"CardNumber\":\"454850******9576\",\"IssuerEntity\":\"VISA\",\"CardAbbreviation\":\"V1\",\"MerchantPaymentMethodID\":\"111\",\"MerchantPaymentMethodType\":\"1\",\"MerchantPaymentMethodSupportsCashback\":0,\"TransactionResponseType\":\"GetCard\",\"DeviceType\":\"TerminalFirstDataVx690Integrated\",\"LastContractVersionAvailable\":\"3.0.0\",\"ContractVersion\":\"2.2.0\",\"DeviceIntegratorVersion\":\"3.0.1\",\"WorkstationInfo\":\"Windows_NT;win32;10.0.18362;x64;TOTEM01;v6.11.5;4856\",\"action\":\"GetCard\"}','2020-02-15 13:09:21','2020-02-15 13:09:21'),(116,62,'{\"ResultCode\":-1,\"ResultMessage\":\"The request was accepted by the device.\",\"ResponseActions\":\"Approve\",\"Session\":85,\"TerminalIdentification\":\"39563011\",\"HostResultCode\":0,\"BitMap\":\"ff3b1e00\",\"TransactionRequestType\":\"00\",\"TransactionResolutionMode\":\"Online\",\"TransactionDate\":\"2020/02/15\",\"TransactionTime\":\"13:10:30\",\"CardType\":\"C\",\"PaymentMethodDescription\":\"VISA\",\"CardNumber\":\"454850******9576\",\"CardInputMode\":\"B\",\"HostAuthorizationCode\":\"002272\",\"HostTicketNumber\":31,\"TransactionCurrencySymbol\":\"-$-\",\"TransactionAmount\":\"380.00\",\"TransactionFacilitiesType\":\"0\",\"TransactionInstallments\":1,\"HostMerchantIdentification\":\"09705321\",\"HostTerminalIdentification\":\"39563011\",\"OriginalDate\":\"2020/02/15\",\"ReceiptNumber\":\"000000000000062\",\"HostIdentification\":0,\"HostBatchNumber\":5,\"CardTypeDescription\":\"Credit\",\"CardInputModeDescription\":\"MAGNETIC STRIP\",\"TransactionCurrencyCode\":\"32\",\"MerchantPaymentMethodID\":\"111\",\"MerchantPaymentMethodType\":\"1\",\"MerchantPaymentMethodSupportsCashback\":0,\"TransactionResponseType\":\"Buy\",\"DeviceType\":\"TerminalFirstDataVx690Integrated\",\"LastContractVersionAvailable\":\"3.0.0\",\"ContractVersion\":\"2.2.0\",\"DeviceIntegratorVersion\":\"3.0.1\",\"WorkstationInfo\":\"Windows_NT;win32;10.0.18362;x64;TOTEM01;v6.11.5;4856\",\"action\":\"Buy\"}','2020-02-15 13:09:41','2020-02-15 13:09:41'),(117,62,'{\"ResultCode\":-1,\"ResultMessage\":\"The request was accepted by the device.\",\"ResponseActions\":\"Approve\",\"TransactionResponseType\":\"ConfirmTransaction\",\"DeviceType\":\"TerminalFirstDataVx690Integrated\",\"LastContractVersionAvailable\":\"3.0.0\",\"ContractVersion\":\"2.2.0\",\"DeviceIntegratorVersion\":\"3.0.1\",\"WorkstationInfo\":\"Windows_NT;win32;10.0.18362;x64;TOTEM01;v6.11.5;4856\",\"action\":\"ConfirmTransaction\"}','2020-02-15 13:09:41','2020-02-15 13:09:41'),(118,63,'{\"ResultCode\":2105,\"ResultMessage\":\"ERROR LECTURA\",\"ResponseActions\":\"Refuse\",\"Session\":85,\"TerminalIdentification\":\"39563011\",\"TransactionResponseType\":\"GetCard\",\"DeviceType\":\"TerminalFirstDataVx690Integrated\",\"LastContractVersionAvailable\":\"3.0.0\",\"ContractVersion\":\"2.2.0\",\"DeviceIntegratorVersion\":\"3.0.1\",\"WorkstationInfo\":\"Windows_NT;win32;10.0.18362;x64;TOTEM01;v6.11.5;4856\",\"action\":\"GetCard\"}','2020-02-15 13:32:20','2020-02-15 13:32:20'),(119,63,'{\"ResultCode\":-1,\"ResultMessage\":\"The request was accepted by the device.\",\"ResponseActions\":\"Approve\",\"Session\":85,\"TerminalIdentification\":\"39563011\",\"BitMap\":\"07000000\",\"CardNumber\":\"501081*********4770\",\"IssuerEntity\":\"MAESTRO\",\"CardAbbreviation\":\"MA\",\"MerchantPaymentMethodID\":\"111\",\"MerchantPaymentMethodType\":\"1\",\"MerchantPaymentMethodSupportsCashback\":1,\"TransactionResponseType\":\"GetCard\",\"DeviceType\":\"TerminalFirstDataVx690Integrated\",\"LastContractVersionAvailable\":\"3.0.0\",\"ContractVersion\":\"2.2.0\",\"DeviceIntegratorVersion\":\"3.0.1\",\"WorkstationInfo\":\"Windows_NT;win32;10.0.18362;x64;TOTEM01;v6.11.5;4856\",\"action\":\"GetCard\"}','2020-02-15 13:32:28','2020-02-15 13:32:28'),(120,63,'{\"ResultCode\":-1,\"ResultMessage\":\"The request was accepted by the device.\",\"ResponseActions\":\"Approve\",\"Session\":85,\"TerminalIdentification\":\"39563011\",\"HostResultCode\":0,\"BitMap\":\"ff3f1e00\",\"TransactionRequestType\":\"00\",\"TransactionResolutionMode\":\"Online\",\"TransactionDate\":\"2020/02/15\",\"TransactionTime\":\"13:33:41\",\"CardType\":\"D\",\"PaymentMethodDescription\":\"MAESTRO\",\"CardNumber\":\"501081*********4770\",\"CardInputMode\":\"B\",\"HostAuthorizationCode\":\"103838\",\"HostTicketNumber\":32,\"TransactionCurrencySymbol\":\"-$-\",\"TransactionAmount\":\"310.00\",\"AccountType\":1,\"TransactionFacilitiesType\":\"0\",\"TransactionInstallments\":1,\"HostMerchantIdentification\":\"09705321\",\"HostTerminalIdentification\":\"39563011\",\"OriginalDate\":\"2020/02/15\",\"ReceiptNumber\":\"000000000000063\",\"HostIdentification\":0,\"HostBatchNumber\":5,\"AccountTypeDescription\":\"Caja de ahorro en pesos\",\"CardTypeDescription\":\"Debit\",\"CardInputModeDescription\":\"MAGNETIC STRIP\",\"TransactionCurrencyCode\":\"32\",\"MerchantPaymentMethodID\":\"111\",\"MerchantPaymentMethodType\":\"1\",\"MerchantPaymentMethodSupportsCashback\":1,\"TransactionResponseType\":\"Buy\",\"DeviceType\":\"TerminalFirstDataVx690Integrated\",\"LastContractVersionAvailable\":\"3.0.0\",\"ContractVersion\":\"2.2.0\",\"DeviceIntegratorVersion\":\"3.0.1\",\"WorkstationInfo\":\"Windows_NT;win32;10.0.18362;x64;TOTEM01;v6.11.5;4856\",\"action\":\"Buy\"}','2020-02-15 13:32:52','2020-02-15 13:32:52'),(121,63,'{\"ResultCode\":-1,\"ResultMessage\":\"The request was accepted by the device.\",\"ResponseActions\":\"Approve\",\"TransactionResponseType\":\"ConfirmTransaction\",\"DeviceType\":\"TerminalFirstDataVx690Integrated\",\"LastContractVersionAvailable\":\"3.0.0\",\"ContractVersion\":\"2.2.0\",\"DeviceIntegratorVersion\":\"3.0.1\",\"WorkstationInfo\":\"Windows_NT;win32;10.0.18362;x64;TOTEM01;v6.11.5;4856\",\"action\":\"ConfirmTransaction\"}','2020-02-15 13:32:52','2020-02-15 13:32:52'),(122,64,'{\"ResultCode\":-1,\"ResultMessage\":\"The request was accepted by the device.\",\"ResponseActions\":\"Approve\",\"Session\":85,\"TerminalIdentification\":\"39563011\",\"BitMap\":\"07000000\",\"CardNumber\":\"501081*********6380\",\"IssuerEntity\":\"MAESTRO\",\"CardAbbreviation\":\"MA\",\"MerchantPaymentMethodID\":\"111\",\"MerchantPaymentMethodType\":\"1\",\"MerchantPaymentMethodSupportsCashback\":1,\"TransactionResponseType\":\"GetCard\",\"DeviceType\":\"TerminalFirstDataVx690Integrated\",\"LastContractVersionAvailable\":\"3.0.0\",\"ContractVersion\":\"2.2.0\",\"DeviceIntegratorVersion\":\"3.0.1\",\"WorkstationInfo\":\"Windows_NT;win32;10.0.18362;x64;TOTEM01;v6.11.5;4856\",\"action\":\"GetCard\"}','2020-02-15 13:34:16','2020-02-15 13:34:16'),(123,64,'{\"ResultCode\":-1,\"ResultMessage\":\"The request was accepted by the device.\",\"ResponseActions\":\"Approve\",\"Session\":85,\"TerminalIdentification\":\"39563011\",\"HostResultCode\":0,\"BitMap\":\"ff3f1e00\",\"TransactionRequestType\":\"00\",\"TransactionResolutionMode\":\"Online\",\"TransactionDate\":\"2020/02/15\",\"TransactionTime\":\"13:35:26\",\"CardType\":\"D\",\"PaymentMethodDescription\":\"MAESTRO\",\"CardNumber\":\"501081*********6380\",\"CardInputMode\":\"B\",\"HostAuthorizationCode\":\"103839\",\"HostTicketNumber\":33,\"TransactionCurrencySymbol\":\"-$-\",\"TransactionAmount\":\"340.00\",\"AccountType\":1,\"TransactionFacilitiesType\":\"0\",\"TransactionInstallments\":1,\"HostMerchantIdentification\":\"09705321\",\"HostTerminalIdentification\":\"39563011\",\"OriginalDate\":\"2020/02/15\",\"ReceiptNumber\":\"000000000000064\",\"HostIdentification\":0,\"HostBatchNumber\":5,\"AccountTypeDescription\":\"Caja de ahorro en pesos\",\"CardTypeDescription\":\"Debit\",\"CardInputModeDescription\":\"MAGNETIC STRIP\",\"TransactionCurrencyCode\":\"32\",\"MerchantPaymentMethodID\":\"111\",\"MerchantPaymentMethodType\":\"1\",\"MerchantPaymentMethodSupportsCashback\":1,\"TransactionResponseType\":\"Buy\",\"DeviceType\":\"TerminalFirstDataVx690Integrated\",\"LastContractVersionAvailable\":\"3.0.0\",\"ContractVersion\":\"2.2.0\",\"DeviceIntegratorVersion\":\"3.0.1\",\"WorkstationInfo\":\"Windows_NT;win32;10.0.18362;x64;TOTEM01;v6.11.5;4856\",\"action\":\"Buy\"}','2020-02-15 13:34:37','2020-02-15 13:34:37'),(124,64,'{\"ResultCode\":-1,\"ResultMessage\":\"The request was accepted by the device.\",\"ResponseActions\":\"Approve\",\"TransactionResponseType\":\"ConfirmTransaction\",\"DeviceType\":\"TerminalFirstDataVx690Integrated\",\"LastContractVersionAvailable\":\"3.0.0\",\"ContractVersion\":\"2.2.0\",\"DeviceIntegratorVersion\":\"3.0.1\",\"WorkstationInfo\":\"Windows_NT;win32;10.0.18362;x64;TOTEM01;v6.11.5;4856\",\"action\":\"ConfirmTransaction\"}','2020-02-15 13:34:37','2020-02-15 13:34:37'),(125,67,'{\"ResultCode\":2105,\"ResultMessage\":\"ERROR LECTURA\",\"ResponseActions\":\"Refuse\",\"Session\":85,\"TerminalIdentification\":\"39563011\",\"TransactionResponseType\":\"GetCard\",\"DeviceType\":\"TerminalFirstDataVx690Integrated\",\"LastContractVersionAvailable\":\"3.0.0\",\"ContractVersion\":\"2.2.0\",\"DeviceIntegratorVersion\":\"3.0.1\",\"WorkstationInfo\":\"Windows_NT;win32;10.0.18362;x64;TOTEM01;v6.11.5;4856\",\"action\":\"GetCard\"}','2020-02-15 20:15:15','2020-02-15 20:15:15'),(126,67,'{\"ResultCode\":-1,\"ResultMessage\":\"The request was accepted by the device.\",\"ResponseActions\":\"Approve\",\"Session\":85,\"TerminalIdentification\":\"39563011\",\"BitMap\":\"07000000\",\"CardNumber\":\"604245******4826\",\"IssuerEntity\":\"CABAL\",\"CardAbbreviation\":\"CA\",\"MerchantPaymentMethodID\":\"111\",\"MerchantPaymentMethodType\":\"1\",\"MerchantPaymentMethodSupportsCashback\":0,\"TransactionResponseType\":\"GetCard\",\"DeviceType\":\"TerminalFirstDataVx690Integrated\",\"LastContractVersionAvailable\":\"3.0.0\",\"ContractVersion\":\"2.2.0\",\"DeviceIntegratorVersion\":\"3.0.1\",\"WorkstationInfo\":\"Windows_NT;win32;10.0.18362;x64;TOTEM01;v6.11.5;4856\",\"action\":\"GetCard\"}','2020-02-15 20:15:22','2020-02-15 20:15:22'),(127,67,'{\"ResultCode\":-1,\"ResultMessage\":\"The request was accepted by the device.\",\"ResponseActions\":\"Approve\",\"Session\":85,\"TerminalIdentification\":\"39563011\",\"HostResultCode\":0,\"BitMap\":\"ff3b1e00\",\"TransactionRequestType\":\"00\",\"TransactionResolutionMode\":\"Online\",\"TransactionDate\":\"2020/02/15\",\"TransactionTime\":\"20:16:35\",\"CardType\":\"C\",\"PaymentMethodDescription\":\"CABAL\",\"CardNumber\":\"604245******4826\",\"CardInputMode\":\"B\",\"HostAuthorizationCode\":\"163135\",\"HostTicketNumber\":34,\"TransactionCurrencySymbol\":\"-$-\",\"TransactionAmount\":\"1110.00\",\"TransactionFacilitiesType\":\"0\",\"TransactionInstallments\":1,\"HostMerchantIdentification\":\"45267950002\",\"HostTerminalIdentification\":\"39563011\",\"OriginalDate\":\"2020/02/15\",\"ReceiptNumber\":\"000000000000067\",\"HostIdentification\":0,\"HostBatchNumber\":5,\"CardTypeDescription\":\"Credit\",\"CardInputModeDescription\":\"MAGNETIC STRIP\",\"TransactionCurrencyCode\":\"32\",\"MerchantPaymentMethodID\":\"111\",\"MerchantPaymentMethodType\":\"1\",\"MerchantPaymentMethodSupportsCashback\":0,\"TransactionResponseType\":\"Buy\",\"DeviceType\":\"TerminalFirstDataVx690Integrated\",\"LastContractVersionAvailable\":\"3.0.0\",\"ContractVersion\":\"2.2.0\",\"DeviceIntegratorVersion\":\"3.0.1\",\"WorkstationInfo\":\"Windows_NT;win32;10.0.18362;x64;TOTEM01;v6.11.5;4856\",\"action\":\"Buy\"}','2020-02-15 20:15:49','2020-02-15 20:15:49'),(128,67,'{\"ResultCode\":-1,\"ResultMessage\":\"The request was accepted by the device.\",\"ResponseActions\":\"Approve\",\"TransactionResponseType\":\"ConfirmTransaction\",\"DeviceType\":\"TerminalFirstDataVx690Integrated\",\"LastContractVersionAvailable\":\"3.0.0\",\"ContractVersion\":\"2.2.0\",\"DeviceIntegratorVersion\":\"3.0.1\",\"WorkstationInfo\":\"Windows_NT;win32;10.0.18362;x64;TOTEM01;v6.11.5;4856\",\"action\":\"ConfirmTransaction\"}','2020-02-15 20:15:49','2020-02-15 20:15:49'),(129,69,'{\"ResultCode\":2055,\"ResultMessage\":\"No response from the device.\",\"ResponseActions\":\"Refuse,Retry\",\"DeviceType\":\"TerminalFirstDataVx690Integrated\",\"LastContractVersionAvailable\":\"3.0.0\",\"ContractVersion\":\"2.2.0\",\"DeviceIntegratorVersion\":\"3.0.1\",\"WorkstationInfo\":\"Windows_NT;win32;10.0.18362;x64;TOTEM01;v6.11.5;4816\",\"action\":\"GetCard\"}','2020-02-15 20:46:18','2020-02-15 20:46:18'),(130,69,'{\"ResultCode\":2105,\"ResultMessage\":\"ERROR LECTURA\",\"ResponseActions\":\"Refuse\",\"ProtocolVersion\":\"0002\",\"TerminalIdentification\":\"39563011\",\"Session\":87,\"TransactionResponseType\":\"GetCard\",\"DeviceType\":\"TerminalFirstDataVx690Integrated\",\"LastContractVersionAvailable\":\"3.0.0\",\"ContractVersion\":\"2.2.0\",\"DeviceIntegratorVersion\":\"3.0.1\",\"WorkstationInfo\":\"Windows_NT;win32;10.0.18362;x64;TOTEM01;v6.11.5;4816\",\"action\":\"GetCard\"}','2020-02-15 20:46:28','2020-02-15 20:46:28'),(131,69,'{\"ResultCode\":2105,\"ResultMessage\":\"ERROR LECTURA\",\"ResponseActions\":\"Refuse\",\"Session\":87,\"TerminalIdentification\":\"39563011\",\"TransactionResponseType\":\"GetCard\",\"DeviceType\":\"TerminalFirstDataVx690Integrated\",\"LastContractVersionAvailable\":\"3.0.0\",\"ContractVersion\":\"2.2.0\",\"DeviceIntegratorVersion\":\"3.0.1\",\"WorkstationInfo\":\"Windows_NT;win32;10.0.18362;x64;TOTEM01;v6.11.5;4816\",\"action\":\"GetCard\"}','2020-02-15 20:46:42','2020-02-15 20:46:42'),(132,69,'{\"ResultCode\":-1,\"ResultMessage\":\"The request was accepted by the device.\",\"ResponseActions\":\"Approve\",\"Session\":87,\"TerminalIdentification\":\"39563011\",\"BitMap\":\"07000000\",\"CardNumber\":\"451377******9005\",\"IssuerEntity\":\"VISA DEBITO\",\"CardAbbreviation\":\"V3\",\"MerchantPaymentMethodID\":\"111\",\"MerchantPaymentMethodType\":\"1\",\"MerchantPaymentMethodSupportsCashback\":1,\"TransactionResponseType\":\"GetCard\",\"DeviceType\":\"TerminalFirstDataVx690Integrated\",\"LastContractVersionAvailable\":\"3.0.0\",\"ContractVersion\":\"2.2.0\",\"DeviceIntegratorVersion\":\"3.0.1\",\"WorkstationInfo\":\"Windows_NT;win32;10.0.18362;x64;TOTEM01;v6.11.5;4816\",\"action\":\"GetCard\"}','2020-02-15 20:46:50','2020-02-15 20:46:50'),(133,69,'{\"ResultCode\":-1,\"ResultMessage\":\"The request was accepted by the device.\",\"ResponseActions\":\"Approve\",\"Session\":87,\"TerminalIdentification\":\"39563011\",\"HostResultCode\":0,\"BitMap\":\"ff3b1e00\",\"TransactionRequestType\":\"00\",\"TransactionResolutionMode\":\"Online\",\"TransactionDate\":\"2020/02/15\",\"TransactionTime\":\"20:47:48\",\"CardType\":\"D\",\"PaymentMethodDescription\":\"VISA DEBITO\",\"CardNumber\":\"451377******9005\",\"CardInputMode\":\"B\",\"HostAuthorizationCode\":\"903455\",\"HostTicketNumber\":35,\"TransactionCurrencySymbol\":\"-$-\",\"TransactionAmount\":\"1650.00\",\"TransactionFacilitiesType\":\"0\",\"TransactionInstallments\":1,\"HostMerchantIdentification\":\"09705321\",\"HostTerminalIdentification\":\"39563011\",\"OriginalDate\":\"2020/02/15\",\"ReceiptNumber\":\"000000000000069\",\"HostIdentification\":0,\"HostBatchNumber\":5,\"CardTypeDescription\":\"Debit\",\"CardInputModeDescription\":\"MAGNETIC STRIP\",\"TransactionCurrencyCode\":\"32\",\"MerchantPaymentMethodID\":\"111\",\"MerchantPaymentMethodType\":\"1\",\"MerchantPaymentMethodSupportsCashback\":1,\"TransactionResponseType\":\"Buy\",\"DeviceType\":\"TerminalFirstDataVx690Integrated\",\"LastContractVersionAvailable\":\"3.0.0\",\"ContractVersion\":\"2.2.0\",\"DeviceIntegratorVersion\":\"3.0.1\",\"WorkstationInfo\":\"Windows_NT;win32;10.0.18362;x64;TOTEM01;v6.11.5;4816\",\"action\":\"Buy\"}','2020-02-15 20:47:01','2020-02-15 20:47:01'),(134,69,'{\"ResultCode\":-1,\"ResultMessage\":\"The request was accepted by the device.\",\"ResponseActions\":\"Approve\",\"TransactionResponseType\":\"ConfirmTransaction\",\"DeviceType\":\"TerminalFirstDataVx690Integrated\",\"LastContractVersionAvailable\":\"3.0.0\",\"ContractVersion\":\"2.2.0\",\"DeviceIntegratorVersion\":\"3.0.1\",\"WorkstationInfo\":\"Windows_NT;win32;10.0.18362;x64;TOTEM01;v6.11.5;4816\",\"action\":\"ConfirmTransaction\"}','2020-02-15 20:47:01','2020-02-15 20:47:01'),(135,73,'{\"ResultCode\":-1,\"ResultMessage\":\"The request was accepted by the device.\",\"ResponseActions\":\"Approve\",\"Session\":87,\"TerminalIdentification\":\"39563011\",\"BitMap\":\"07000000\",\"CardNumber\":\"604201******4115\",\"IssuerEntity\":\"CABAL\",\"CardAbbreviation\":\"CA\",\"MerchantPaymentMethodID\":\"111\",\"MerchantPaymentMethodType\":\"1\",\"MerchantPaymentMethodSupportsCashback\":0,\"TransactionResponseType\":\"GetCard\",\"DeviceType\":\"TerminalFirstDataVx690Integrated\",\"LastContractVersionAvailable\":\"3.0.0\",\"ContractVersion\":\"2.2.0\",\"DeviceIntegratorVersion\":\"3.0.1\",\"WorkstationInfo\":\"Windows_NT;win32;10.0.18362;x64;TOTEM01;v6.11.5;4816\",\"action\":\"GetCard\"}','2020-02-15 21:21:59','2020-02-15 21:21:59'),(136,73,'{\"ResultCode\":-1,\"ResultMessage\":\"The request was accepted by the device.\",\"ResponseActions\":\"Approve\",\"Session\":87,\"TerminalIdentification\":\"39563011\",\"HostResultCode\":0,\"BitMap\":\"ff3b1e00\",\"TransactionRequestType\":\"00\",\"TransactionResolutionMode\":\"Online\",\"TransactionDate\":\"2020/02/15\",\"TransactionTime\":\"21:23:12\",\"CardType\":\"C\",\"PaymentMethodDescription\":\"CABAL\",\"CardNumber\":\"604201******4115\",\"CardInputMode\":\"B\",\"HostAuthorizationCode\":\"657329\",\"HostTicketNumber\":36,\"TransactionCurrencySymbol\":\"-$-\",\"TransactionAmount\":\"730.00\",\"TransactionFacilitiesType\":\"0\",\"TransactionInstallments\":1,\"HostMerchantIdentification\":\"45267950002\",\"HostTerminalIdentification\":\"39563011\",\"OriginalDate\":\"2020/02/16\",\"ReceiptNumber\":\"000000000000073\",\"HostIdentification\":0,\"HostBatchNumber\":5,\"CardTypeDescription\":\"Credit\",\"CardInputModeDescription\":\"MAGNETIC STRIP\",\"TransactionCurrencyCode\":\"32\",\"MerchantPaymentMethodID\":\"111\",\"MerchantPaymentMethodType\":\"1\",\"MerchantPaymentMethodSupportsCashback\":0,\"TransactionResponseType\":\"Buy\",\"DeviceType\":\"TerminalFirstDataVx690Integrated\",\"LastContractVersionAvailable\":\"3.0.0\",\"ContractVersion\":\"2.2.0\",\"DeviceIntegratorVersion\":\"3.0.1\",\"WorkstationInfo\":\"Windows_NT;win32;10.0.18362;x64;TOTEM01;v6.11.5;4816\",\"action\":\"Buy\"}','2020-02-15 21:22:27','2020-02-15 21:22:27'),(137,73,'{\"ResultCode\":-1,\"ResultMessage\":\"The request was accepted by the device.\",\"ResponseActions\":\"Approve\",\"TransactionResponseType\":\"ConfirmTransaction\",\"DeviceType\":\"TerminalFirstDataVx690Integrated\",\"LastContractVersionAvailable\":\"3.0.0\",\"ContractVersion\":\"2.2.0\",\"DeviceIntegratorVersion\":\"3.0.1\",\"WorkstationInfo\":\"Windows_NT;win32;10.0.18362;x64;TOTEM01;v6.11.5;4816\",\"action\":\"ConfirmTransaction\"}','2020-02-15 21:22:27','2020-02-15 21:22:27'),(138,78,'{\"ResultCode\":-1,\"ResultMessage\":\"The request was accepted by the device.\",\"ResponseActions\":\"Approve\",\"Session\":87,\"TerminalIdentification\":\"39563011\",\"BitMap\":\"07000000\",\"CardNumber\":\"451769******8422\",\"IssuerEntity\":\"VISA DEBITO\",\"CardAbbreviation\":\"V3\",\"MerchantPaymentMethodID\":\"111\",\"MerchantPaymentMethodType\":\"1\",\"MerchantPaymentMethodSupportsCashback\":1,\"TransactionResponseType\":\"GetCard\",\"DeviceType\":\"TerminalFirstDataVx690Integrated\",\"LastContractVersionAvailable\":\"3.0.0\",\"ContractVersion\":\"2.2.0\",\"DeviceIntegratorVersion\":\"3.0.1\",\"WorkstationInfo\":\"Windows_NT;win32;10.0.18362;x64;TOTEM01;v6.11.5;4816\",\"action\":\"GetCard\"}','2020-02-15 21:56:15','2020-02-15 21:56:15'),(139,78,'{\"ResultCode\":-1,\"ResultMessage\":\"The request was accepted by the device.\",\"ResponseActions\":\"Approve\",\"Session\":87,\"TerminalIdentification\":\"39563011\",\"HostResultCode\":0,\"BitMap\":\"ff3b1e00\",\"TransactionRequestType\":\"00\",\"TransactionResolutionMode\":\"Online\",\"TransactionDate\":\"2020/02/15\",\"TransactionTime\":\"21:57:13\",\"CardType\":\"D\",\"PaymentMethodDescription\":\"VISA DEBITO\",\"CardNumber\":\"451769******8422\",\"CardInputMode\":\"B\",\"HostAuthorizationCode\":\"660231\",\"HostTicketNumber\":37,\"TransactionCurrencySymbol\":\"-$-\",\"TransactionAmount\":\"1260.00\",\"TransactionFacilitiesType\":\"0\",\"TransactionInstallments\":1,\"HostMerchantIdentification\":\"09705321\",\"HostTerminalIdentification\":\"39563011\",\"OriginalDate\":\"2020/02/16\",\"ReceiptNumber\":\"000000000000078\",\"HostIdentification\":0,\"HostBatchNumber\":5,\"CardTypeDescription\":\"Debit\",\"CardInputModeDescription\":\"MAGNETIC STRIP\",\"TransactionCurrencyCode\":\"32\",\"MerchantPaymentMethodID\":\"111\",\"MerchantPaymentMethodType\":\"1\",\"MerchantPaymentMethodSupportsCashback\":1,\"TransactionResponseType\":\"Buy\",\"DeviceType\":\"TerminalFirstDataVx690Integrated\",\"LastContractVersionAvailable\":\"3.0.0\",\"ContractVersion\":\"2.2.0\",\"DeviceIntegratorVersion\":\"3.0.1\",\"WorkstationInfo\":\"Windows_NT;win32;10.0.18362;x64;TOTEM01;v6.11.5;4816\",\"action\":\"Buy\"}','2020-02-15 21:56:28','2020-02-15 21:56:28'),(140,78,'{\"ResultCode\":-1,\"ResultMessage\":\"The request was accepted by the device.\",\"ResponseActions\":\"Approve\",\"TransactionResponseType\":\"ConfirmTransaction\",\"DeviceType\":\"TerminalFirstDataVx690Integrated\",\"LastContractVersionAvailable\":\"3.0.0\",\"ContractVersion\":\"2.2.0\",\"DeviceIntegratorVersion\":\"3.0.1\",\"WorkstationInfo\":\"Windows_NT;win32;10.0.18362;x64;TOTEM01;v6.11.5;4816\",\"action\":\"ConfirmTransaction\"}','2020-02-15 21:56:28','2020-02-15 21:56:28'),(141,80,'{\"ResultCode\":-1,\"ResultMessage\":\"The request was accepted by the device.\",\"ResponseActions\":\"Approve\",\"Session\":87,\"TerminalIdentification\":\"39563011\",\"BitMap\":\"07000000\",\"CardNumber\":\"451751******1551\",\"IssuerEntity\":\"VISA DEBITO\",\"CardAbbreviation\":\"V3\",\"MerchantPaymentMethodID\":\"111\",\"MerchantPaymentMethodType\":\"1\",\"MerchantPaymentMethodSupportsCashback\":1,\"TransactionResponseType\":\"GetCard\",\"DeviceType\":\"TerminalFirstDataVx690Integrated\",\"LastContractVersionAvailable\":\"3.0.0\",\"ContractVersion\":\"2.2.0\",\"DeviceIntegratorVersion\":\"3.0.1\",\"WorkstationInfo\":\"Windows_NT;win32;10.0.18362;x64;TOTEM01;v6.11.5;4816\",\"action\":\"GetCard\"}','2020-02-15 22:09:36','2020-02-15 22:09:36'),(142,80,'{\"ResultCode\":-1,\"ResultMessage\":\"The request was accepted by the device.\",\"ResponseActions\":\"Approve\",\"Session\":87,\"TerminalIdentification\":\"39563011\",\"HostResultCode\":0,\"BitMap\":\"ff3b1e00\",\"TransactionRequestType\":\"00\",\"TransactionResolutionMode\":\"Online\",\"TransactionDate\":\"2020/02/15\",\"TransactionTime\":\"22:10:34\",\"CardType\":\"D\",\"PaymentMethodDescription\":\"VISA DEBITO\",\"CardNumber\":\"451751******1551\",\"CardInputMode\":\"C\",\"HostAuthorizationCode\":\"335240\",\"HostTicketNumber\":38,\"TransactionCurrencySymbol\":\"-$-\",\"TransactionAmount\":\"1770.00\",\"TransactionFacilitiesType\":\"0\",\"TransactionInstallments\":1,\"HostMerchantIdentification\":\"09705321\",\"HostTerminalIdentification\":\"39563011\",\"OriginalDate\":\"2020/02/16\",\"ReceiptNumber\":\"000000000000080\",\"HostIdentification\":0,\"HostBatchNumber\":5,\"CardTypeDescription\":\"Debit\",\"CardInputModeDescription\":\"EMV CHIP\",\"TransactionCurrencyCode\":\"32\",\"MerchantPaymentMethodID\":\"111\",\"MerchantPaymentMethodType\":\"1\",\"MerchantPaymentMethodSupportsCashback\":1,\"TransactionResponseType\":\"Buy\",\"DeviceType\":\"TerminalFirstDataVx690Integrated\",\"LastContractVersionAvailable\":\"3.0.0\",\"ContractVersion\":\"2.2.0\",\"DeviceIntegratorVersion\":\"3.0.1\",\"WorkstationInfo\":\"Windows_NT;win32;10.0.18362;x64;TOTEM01;v6.11.5;4816\",\"action\":\"Buy\"}','2020-02-15 22:09:50','2020-02-15 22:09:50'),(143,80,'{\"ResultCode\":-1,\"ResultMessage\":\"The request was accepted by the device.\",\"ResponseActions\":\"Approve\",\"TransactionResponseType\":\"ConfirmTransaction\",\"DeviceType\":\"TerminalFirstDataVx690Integrated\",\"LastContractVersionAvailable\":\"3.0.0\",\"ContractVersion\":\"2.2.0\",\"DeviceIntegratorVersion\":\"3.0.1\",\"WorkstationInfo\":\"Windows_NT;win32;10.0.18362;x64;TOTEM01;v6.11.5;4816\",\"action\":\"ConfirmTransaction\"}','2020-02-15 22:09:50','2020-02-15 22:09:50'),(144,84,'{\"ResultCode\":2105,\"ResultMessage\":\"ERROR LECTURA\",\"ResponseActions\":\"Refuse\",\"Session\":87,\"TerminalIdentification\":\"39563011\",\"TransactionResponseType\":\"GetCard\",\"DeviceType\":\"TerminalFirstDataVx690Integrated\",\"LastContractVersionAvailable\":\"3.0.0\",\"ContractVersion\":\"2.2.0\",\"DeviceIntegratorVersion\":\"3.0.1\",\"WorkstationInfo\":\"Windows_NT;win32;10.0.18362;x64;TOTEM01;v6.11.5;4816\",\"action\":\"GetCard\"}','2020-02-15 22:29:45','2020-02-15 22:29:45'),(145,84,'{\"ResultCode\":2105,\"ResultMessage\":\"ERROR LECTURA\",\"ResponseActions\":\"Refuse\",\"Session\":87,\"TerminalIdentification\":\"39563011\",\"TransactionResponseType\":\"GetCard\",\"DeviceType\":\"TerminalFirstDataVx690Integrated\",\"LastContractVersionAvailable\":\"3.0.0\",\"ContractVersion\":\"2.2.0\",\"DeviceIntegratorVersion\":\"3.0.1\",\"WorkstationInfo\":\"Windows_NT;win32;10.0.18362;x64;TOTEM01;v6.11.5;4816\",\"action\":\"GetCard\"}','2020-02-15 22:29:59','2020-02-15 22:29:59'),(146,84,'{\"ResultCode\":-1,\"ResultMessage\":\"The request was accepted by the device.\",\"ResponseActions\":\"Approve\",\"Session\":87,\"TerminalIdentification\":\"39563011\",\"BitMap\":\"07000000\",\"CardNumber\":\"439818******7011\",\"IssuerEntity\":\"VISA DEBITO\",\"CardAbbreviation\":\"V3\",\"MerchantPaymentMethodID\":\"111\",\"MerchantPaymentMethodType\":\"1\",\"MerchantPaymentMethodSupportsCashback\":1,\"TransactionResponseType\":\"GetCard\",\"DeviceType\":\"TerminalFirstDataVx690Integrated\",\"LastContractVersionAvailable\":\"3.0.0\",\"ContractVersion\":\"2.2.0\",\"DeviceIntegratorVersion\":\"3.0.1\",\"WorkstationInfo\":\"Windows_NT;win32;10.0.18362;x64;TOTEM01;v6.11.5;4816\",\"action\":\"GetCard\"}','2020-02-15 22:30:14','2020-02-15 22:30:14'),(147,84,'{\"ResultCode\":-1,\"ResultMessage\":\"The request was accepted by the device.\",\"ResponseActions\":\"Approve\",\"Session\":87,\"TerminalIdentification\":\"39563011\",\"HostResultCode\":0,\"BitMap\":\"ff3b1e00\",\"TransactionRequestType\":\"00\",\"TransactionResolutionMode\":\"Online\",\"TransactionDate\":\"2020/02/15\",\"TransactionTime\":\"22:31:12\",\"CardType\":\"D\",\"PaymentMethodDescription\":\"VISA DEBITO\",\"CardNumber\":\"439818******7011\",\"CardInputMode\":\"B\",\"HostAuthorizationCode\":\"550336\",\"HostTicketNumber\":39,\"TransactionCurrencySymbol\":\"-$-\",\"TransactionAmount\":\"570.00\",\"TransactionFacilitiesType\":\"0\",\"TransactionInstallments\":1,\"HostMerchantIdentification\":\"09705321\",\"HostTerminalIdentification\":\"39563011\",\"OriginalDate\":\"2020/02/16\",\"ReceiptNumber\":\"000000000000084\",\"HostIdentification\":0,\"HostBatchNumber\":5,\"CardTypeDescription\":\"Debit\",\"CardInputModeDescription\":\"MAGNETIC STRIP\",\"TransactionCurrencyCode\":\"32\",\"MerchantPaymentMethodID\":\"111\",\"MerchantPaymentMethodType\":\"1\",\"MerchantPaymentMethodSupportsCashback\":1,\"TransactionResponseType\":\"Buy\",\"DeviceType\":\"TerminalFirstDataVx690Integrated\",\"LastContractVersionAvailable\":\"3.0.0\",\"ContractVersion\":\"2.2.0\",\"DeviceIntegratorVersion\":\"3.0.1\",\"WorkstationInfo\":\"Windows_NT;win32;10.0.18362;x64;TOTEM01;v6.11.5;4816\",\"action\":\"Buy\"}','2020-02-15 22:30:26','2020-02-15 22:30:26'),(148,84,'{\"ResultCode\":-1,\"ResultMessage\":\"The request was accepted by the device.\",\"ResponseActions\":\"Approve\",\"TransactionResponseType\":\"ConfirmTransaction\",\"DeviceType\":\"TerminalFirstDataVx690Integrated\",\"LastContractVersionAvailable\":\"3.0.0\",\"ContractVersion\":\"2.2.0\",\"DeviceIntegratorVersion\":\"3.0.1\",\"WorkstationInfo\":\"Windows_NT;win32;10.0.18362;x64;TOTEM01;v6.11.5;4816\",\"action\":\"ConfirmTransaction\"}','2020-02-15 22:30:26','2020-02-15 22:30:26'),(149,90,'{\"ResultCode\":-1,\"ResultMessage\":\"The request was accepted by the device.\",\"ResponseActions\":\"Approve\",\"ProtocolVersion\":\"0002\",\"TerminalIdentification\":\"39563011\",\"Session\":89,\"BitMap\":\"07000000\",\"CardNumber\":\"501060********2209\",\"IssuerEntity\":\"MAESTRO\",\"CardAbbreviation\":\"MA\",\"MerchantPaymentMethodID\":\"111\",\"MerchantPaymentMethodType\":\"1\",\"MerchantPaymentMethodSupportsCashback\":1,\"TransactionResponseType\":\"GetCard\",\"DeviceType\":\"TerminalFirstDataVx690Integrated\",\"LastContractVersionAvailable\":\"3.0.0\",\"ContractVersion\":\"2.2.0\",\"DeviceIntegratorVersion\":\"3.0.1\",\"WorkstationInfo\":\"Windows_NT;win32;10.0.18362;x64;TOTEM01;v6.11.5;4860\",\"action\":\"GetCard\"}','2020-02-16 20:52:54','2020-02-16 20:52:54'),(150,90,'{\"ResultCode\":-1,\"ResultMessage\":\"The request was accepted by the device.\",\"ResponseActions\":\"Refuse\",\"Session\":89,\"TerminalIdentification\":\"39563011\",\"HostResultCode\":12,\"HostResultMessage\":\"Transac. Invalida\",\"TransactionResponseType\":\"Buy\",\"DeviceType\":\"TerminalFirstDataVx690Integrated\",\"LastContractVersionAvailable\":\"3.0.0\",\"ContractVersion\":\"2.2.0\",\"DeviceIntegratorVersion\":\"3.0.1\",\"WorkstationInfo\":\"Windows_NT;win32;10.0.18362;x64;TOTEM01;v6.11.5;4860\",\"action\":\"Buy\"}','2020-02-16 20:53:19','2020-02-16 20:53:19'),(151,90,'{\"ResultCode\":-1,\"ResultMessage\":\"The request was accepted by the device.\",\"ResponseActions\":\"Approve\",\"Session\":89,\"TerminalIdentification\":\"39563011\",\"BitMap\":\"07000000\",\"CardNumber\":\"501060********2209\",\"IssuerEntity\":\"MAESTRO\",\"CardAbbreviation\":\"MA\",\"MerchantPaymentMethodID\":\"111\",\"MerchantPaymentMethodType\":\"1\",\"MerchantPaymentMethodSupportsCashback\":1,\"TransactionResponseType\":\"GetCard\",\"DeviceType\":\"TerminalFirstDataVx690Integrated\",\"LastContractVersionAvailable\":\"3.0.0\",\"ContractVersion\":\"2.2.0\",\"DeviceIntegratorVersion\":\"3.0.1\",\"WorkstationInfo\":\"Windows_NT;win32;10.0.18362;x64;TOTEM01;v6.11.5;4860\",\"action\":\"GetCard\"}','2020-02-16 20:53:46','2020-02-16 20:53:46'),(152,90,'{\"ResultCode\":-1,\"ResultMessage\":\"The request was accepted by the device.\",\"ResponseActions\":\"Approve\",\"Session\":89,\"TerminalIdentification\":\"39563011\",\"HostResultCode\":0,\"BitMap\":\"ff3f1e00\",\"TransactionRequestType\":\"00\",\"TransactionResolutionMode\":\"Online\",\"TransactionDate\":\"2020/02/16\",\"TransactionTime\":\"20:55:03\",\"CardType\":\"D\",\"PaymentMethodDescription\":\"MAESTRO\",\"CardNumber\":\"501060********2209\",\"CardInputMode\":\"B\",\"HostAuthorizationCode\":\"103848\",\"HostTicketNumber\":40,\"TransactionCurrencySymbol\":\"-$-\",\"TransactionAmount\":\"905.00\",\"AccountType\":1,\"TransactionFacilitiesType\":\"0\",\"TransactionInstallments\":1,\"HostMerchantIdentification\":\"09705321\",\"HostTerminalIdentification\":\"39563011\",\"OriginalDate\":\"2020/02/16\",\"ReceiptNumber\":\"000000000000090\",\"HostIdentification\":0,\"HostBatchNumber\":6,\"AccountTypeDescription\":\"Caja de ahorro en pesos\",\"CardTypeDescription\":\"Debit\",\"CardInputModeDescription\":\"MAGNETIC STRIP\",\"TransactionCurrencyCode\":\"32\",\"MerchantPaymentMethodID\":\"111\",\"MerchantPaymentMethodType\":\"1\",\"MerchantPaymentMethodSupportsCashback\":1,\"TransactionResponseType\":\"Buy\",\"DeviceType\":\"TerminalFirstDataVx690Integrated\",\"LastContractVersionAvailable\":\"3.0.0\",\"ContractVersion\":\"2.2.0\",\"DeviceIntegratorVersion\":\"3.0.1\",\"WorkstationInfo\":\"Windows_NT;win32;10.0.18362;x64;TOTEM01;v6.11.5;4860\",\"action\":\"Buy\"}','2020-02-16 20:54:10','2020-02-16 20:54:10'),(153,90,'{\"ResultCode\":-1,\"ResultMessage\":\"The request was accepted by the device.\",\"ResponseActions\":\"Approve\",\"TransactionResponseType\":\"ConfirmTransaction\",\"DeviceType\":\"TerminalFirstDataVx690Integrated\",\"LastContractVersionAvailable\":\"3.0.0\",\"ContractVersion\":\"2.2.0\",\"DeviceIntegratorVersion\":\"3.0.1\",\"WorkstationInfo\":\"Windows_NT;win32;10.0.18362;x64;TOTEM01;v6.11.5;4860\",\"action\":\"ConfirmTransaction\"}','2020-02-16 20:54:10','2020-02-16 20:54:10'),(154,92,'{\"ResultCode\":2105,\"ResultMessage\":\"ERROR LECTURA\",\"ResponseActions\":\"Refuse\",\"Session\":89,\"TerminalIdentification\":\"39563011\",\"TransactionResponseType\":\"GetCard\",\"DeviceType\":\"TerminalFirstDataVx690Integrated\",\"LastContractVersionAvailable\":\"3.0.0\",\"ContractVersion\":\"2.2.0\",\"DeviceIntegratorVersion\":\"3.0.1\",\"WorkstationInfo\":\"Windows_NT;win32;10.0.18362;x64;TOTEM01;v6.11.5;4860\",\"action\":\"GetCard\"}','2020-02-16 21:00:10','2020-02-16 21:00:10'),(155,92,'{\"ResultCode\":2105,\"ResultMessage\":\"ERROR LECTURA\",\"ResponseActions\":\"Refuse\",\"Session\":89,\"TerminalIdentification\":\"39563011\",\"TransactionResponseType\":\"GetCard\",\"DeviceType\":\"TerminalFirstDataVx690Integrated\",\"LastContractVersionAvailable\":\"3.0.0\",\"ContractVersion\":\"2.2.0\",\"DeviceIntegratorVersion\":\"3.0.1\",\"WorkstationInfo\":\"Windows_NT;win32;10.0.18362;x64;TOTEM01;v6.11.5;4860\",\"action\":\"GetCard\"}','2020-02-16 21:00:21','2020-02-16 21:00:21'),(156,92,'{\"ResultCode\":-1,\"ResultMessage\":\"The request was accepted by the device.\",\"ResponseActions\":\"Approve\",\"Session\":89,\"TerminalIdentification\":\"39563011\",\"BitMap\":\"07000000\",\"CardNumber\":\"451769******2034\",\"IssuerEntity\":\"VISA DEBITO\",\"CardAbbreviation\":\"V3\",\"MerchantPaymentMethodID\":\"111\",\"MerchantPaymentMethodType\":\"1\",\"MerchantPaymentMethodSupportsCashback\":1,\"TransactionResponseType\":\"GetCard\",\"DeviceType\":\"TerminalFirstDataVx690Integrated\",\"LastContractVersionAvailable\":\"3.0.0\",\"ContractVersion\":\"2.2.0\",\"DeviceIntegratorVersion\":\"3.0.1\",\"WorkstationInfo\":\"Windows_NT;win32;10.0.18362;x64;TOTEM01;v6.11.5;4860\",\"action\":\"GetCard\"}','2020-02-16 21:00:37','2020-02-16 21:00:37'),(157,92,'{\"ResultCode\":-1,\"ResultMessage\":\"The request was accepted by the device.\",\"ResponseActions\":\"Approve\",\"Session\":89,\"TerminalIdentification\":\"39563011\",\"HostResultCode\":0,\"BitMap\":\"ff3b1e00\",\"TransactionRequestType\":\"00\",\"TransactionResolutionMode\":\"Online\",\"TransactionDate\":\"2020/02/16\",\"TransactionTime\":\"21:01:41\",\"CardType\":\"D\",\"PaymentMethodDescription\":\"VISA DEBITO\",\"CardNumber\":\"451769******2034\",\"CardInputMode\":\"C\",\"HostAuthorizationCode\":\"738384\",\"HostTicketNumber\":41,\"TransactionCurrencySymbol\":\"-$-\",\"TransactionAmount\":\"620.00\",\"TransactionFacilitiesType\":\"0\",\"TransactionInstallments\":1,\"HostMerchantIdentification\":\"09705321\",\"HostTerminalIdentification\":\"39563011\",\"OriginalDate\":\"2020/02/16\",\"ReceiptNumber\":\"000000000000092\",\"HostIdentification\":0,\"HostBatchNumber\":6,\"CardTypeDescription\":\"Debit\",\"CardInputModeDescription\":\"EMV CHIP\",\"TransactionCurrencyCode\":\"32\",\"MerchantPaymentMethodID\":\"111\",\"MerchantPaymentMethodType\":\"1\",\"MerchantPaymentMethodSupportsCashback\":1,\"TransactionResponseType\":\"Buy\",\"DeviceType\":\"TerminalFirstDataVx690Integrated\",\"LastContractVersionAvailable\":\"3.0.0\",\"ContractVersion\":\"2.2.0\",\"DeviceIntegratorVersion\":\"3.0.1\",\"WorkstationInfo\":\"Windows_NT;win32;10.0.18362;x64;TOTEM01;v6.11.5;4860\",\"action\":\"Buy\"}','2020-02-16 21:00:49','2020-02-16 21:00:49'),(158,92,'{\"ResultCode\":-1,\"ResultMessage\":\"The request was accepted by the device.\",\"ResponseActions\":\"Approve\",\"TransactionResponseType\":\"ConfirmTransaction\",\"DeviceType\":\"TerminalFirstDataVx690Integrated\",\"LastContractVersionAvailable\":\"3.0.0\",\"ContractVersion\":\"2.2.0\",\"DeviceIntegratorVersion\":\"3.0.1\",\"WorkstationInfo\":\"Windows_NT;win32;10.0.18362;x64;TOTEM01;v6.11.5;4860\",\"action\":\"ConfirmTransaction\"}','2020-02-16 21:00:49','2020-02-16 21:00:49'),(159,94,'{\"ResultCode\":2055,\"ResultMessage\":\"No response from the device.\",\"ResponseActions\":\"Refuse,Retry\",\"DeviceType\":\"TerminalFirstDataVx690Integrated\",\"LastContractVersionAvailable\":\"3.0.0\",\"ContractVersion\":\"2.2.0\",\"DeviceIntegratorVersion\":\"3.0.1\",\"WorkstationInfo\":\"Windows_NT;win32;10.0.18362;x64;TOTEM01;v6.11.5;4860\",\"action\":\"GetCard\"}','2020-02-16 21:47:14','2020-02-16 21:47:14'),(160,94,'{\"ResultCode\":2105,\"ResultMessage\":\"ERROR LECTURA\",\"ResponseActions\":\"Refuse\",\"ProtocolVersion\":\"0002\",\"TerminalIdentification\":\"39563011\",\"Session\":90,\"TransactionResponseType\":\"GetCard\",\"DeviceType\":\"TerminalFirstDataVx690Integrated\",\"LastContractVersionAvailable\":\"3.0.0\",\"ContractVersion\":\"2.2.0\",\"DeviceIntegratorVersion\":\"3.0.1\",\"WorkstationInfo\":\"Windows_NT;win32;10.0.18362;x64;TOTEM01;v6.11.5;4860\",\"action\":\"GetCard\"}','2020-02-16 21:47:28','2020-02-16 21:47:28'),(161,94,'{\"ResultCode\":2055,\"ResultMessage\":\"No response from the device.\",\"ResponseActions\":\"Refuse,Retry\",\"DeviceType\":\"TerminalFirstDataVx690Integrated\",\"LastContractVersionAvailable\":\"3.0.0\",\"ContractVersion\":\"2.2.0\",\"DeviceIntegratorVersion\":\"3.0.1\",\"WorkstationInfo\":\"Windows_NT;win32;10.0.18362;x64;TOTEM01;v6.11.5;4860\",\"action\":\"GetCard\"}','2020-02-16 21:47:37','2020-02-16 21:47:37'),(162,95,'{\"ResultCode\":1001,\"ResultMessage\":\"Device Integrator is processing a request now. Please, wait a minute and try again.\",\"ResponseActions\":\"Refuse\",\"DeviceType\":\"TerminalFirstDataVx690Integrated\",\"LastContractVersionAvailable\":\"3.0.0\",\"ContractVersion\":\"2.2.0\",\"DeviceIntegratorVersion\":\"3.0.1\",\"WorkstationInfo\":\"Windows_NT;win32;10.0.18362;x64;TOTEM01;v6.11.5;4860\",\"action\":\"GetCard\"}','2020-02-16 21:48:47','2020-02-16 21:48:47'),(163,95,'{\"ResultCode\":2055,\"ResultMessage\":\"No response from the device.\",\"ResponseActions\":\"Refuse,Retry\",\"DeviceType\":\"TerminalFirstDataVx690Integrated\",\"LastContractVersionAvailable\":\"3.0.0\",\"ContractVersion\":\"2.2.0\",\"DeviceIntegratorVersion\":\"3.0.1\",\"WorkstationInfo\":\"Windows_NT;win32;10.0.18362;x64;TOTEM01;v6.11.5;4860\",\"action\":\"GetCard\"}','2020-02-16 21:48:49','2020-02-16 21:48:49'),(164,95,'{\"ResultCode\":2055,\"ResultMessage\":\"No response from the device.\",\"ResponseActions\":\"Refuse,Retry\",\"DeviceType\":\"TerminalFirstDataVx690Integrated\",\"LastContractVersionAvailable\":\"3.0.0\",\"ContractVersion\":\"2.2.0\",\"DeviceIntegratorVersion\":\"3.0.1\",\"WorkstationInfo\":\"Windows_NT;win32;10.0.18362;x64;TOTEM01;v6.11.5;4860\",\"action\":\"GetCard\"}','2020-02-16 21:48:59','2020-02-16 21:48:59'),(165,96,'{\"ResultCode\":1001,\"ResultMessage\":\"Device Integrator is processing a request now. Please, wait a minute and try again.\",\"ResponseActions\":\"Refuse\",\"DeviceType\":\"TerminalFirstDataVx690Integrated\",\"LastContractVersionAvailable\":\"3.0.0\",\"ContractVersion\":\"2.2.0\",\"DeviceIntegratorVersion\":\"3.0.1\",\"WorkstationInfo\":\"Windows_NT;win32;10.0.18362;x64;TOTEM01;v6.11.5;4860\",\"action\":\"GetCard\"}','2020-02-16 21:49:36','2020-02-16 21:49:36'),(166,96,'{\"ResultCode\":-1,\"ResultMessage\":\"The request was accepted by the device.\",\"ResponseActions\":\"Approve\",\"ProtocolVersion\":\"0002\",\"TerminalIdentification\":\"39563011\",\"Session\":93,\"BitMap\":\"07000000\",\"CardNumber\":\"516585******5743\",\"IssuerEntity\":\"MASTERCARD\",\"CardAbbreviation\":\"MC\",\"MerchantPaymentMethodID\":\"111\",\"MerchantPaymentMethodType\":\"1\",\"MerchantPaymentMethodSupportsCashback\":0,\"TransactionResponseType\":\"GetCard\",\"DeviceType\":\"TerminalFirstDataVx690Integrated\",\"LastContractVersionAvailable\":\"3.0.0\",\"ContractVersion\":\"2.2.0\",\"DeviceIntegratorVersion\":\"3.0.1\",\"WorkstationInfo\":\"Windows_NT;win32;10.0.18362;x64;TOTEM01;v6.11.5;4860\",\"action\":\"GetCard\"}','2020-02-16 21:49:39','2020-02-16 21:49:39'),(167,96,'{\"ResultCode\":-1,\"ResultMessage\":\"The request was accepted by the device.\",\"ResponseActions\":\"Approve\",\"Session\":93,\"TerminalIdentification\":\"39563011\",\"HostResultCode\":0,\"BitMap\":\"ff3b1e00\",\"TransactionRequestType\":\"00\",\"TransactionResolutionMode\":\"Online\",\"TransactionDate\":\"2020/02/16\",\"TransactionTime\":\"21:50:42\",\"CardType\":\"C\",\"PaymentMethodDescription\":\"MASTERCARD\",\"CardNumber\":\"516585******5743\",\"CardInputMode\":\"C\",\"HostAuthorizationCode\":\"638361\",\"HostTicketNumber\":42,\"TransactionCurrencySymbol\":\"-$-\",\"TransactionAmount\":\"790.00\",\"TransactionFacilitiesType\":\"0\",\"TransactionInstallments\":1,\"HostMerchantIdentification\":\"09705321\",\"HostTerminalIdentification\":\"39563011\",\"OriginalDate\":\"2020/02/17\",\"ReceiptNumber\":\"000000000000096\",\"HostIdentification\":0,\"HostBatchNumber\":6,\"CardTypeDescription\":\"Credit\",\"CardInputModeDescription\":\"EMV CHIP\",\"TransactionCurrencyCode\":\"32\",\"MerchantPaymentMethodID\":\"111\",\"MerchantPaymentMethodType\":\"1\",\"MerchantPaymentMethodSupportsCashback\":0,\"TransactionResponseType\":\"Buy\",\"DeviceType\":\"TerminalFirstDataVx690Integrated\",\"LastContractVersionAvailable\":\"3.0.0\",\"ContractVersion\":\"2.2.0\",\"DeviceIntegratorVersion\":\"3.0.1\",\"WorkstationInfo\":\"Windows_NT;win32;10.0.18362;x64;TOTEM01;v6.11.5;4860\",\"action\":\"Buy\"}','2020-02-16 21:49:52','2020-02-16 21:49:52'),(168,96,'{\"ResultCode\":-1,\"ResultMessage\":\"The request was accepted by the device.\",\"ResponseActions\":\"Approve\",\"TransactionResponseType\":\"ConfirmTransaction\",\"DeviceType\":\"TerminalFirstDataVx690Integrated\",\"LastContractVersionAvailable\":\"3.0.0\",\"ContractVersion\":\"2.2.0\",\"DeviceIntegratorVersion\":\"3.0.1\",\"WorkstationInfo\":\"Windows_NT;win32;10.0.18362;x64;TOTEM01;v6.11.5;4860\",\"action\":\"ConfirmTransaction\"}','2020-02-16 21:49:52','2020-02-16 21:49:52');
/*!40000 ALTER TABLE `cc_payment` ENABLE KEYS */;
UNLOCK TABLES;

--
-- Table structure for table `config`
--

DROP TABLE IF EXISTS `config`;
/*!40101 SET @saved_cs_client     = @@character_set_client */;
 SET character_set_client = utf8mb4 ;
CREATE TABLE `config` (
  `id` int(11) NOT NULL AUTO_INCREMENT,
  `updates` tinyint(4) DEFAULT NULL,
  `created_at` datetime NOT NULL,
  `updated_at` datetime NOT NULL,
  PRIMARY KEY (`id`)
) ENGINE=InnoDB AUTO_INCREMENT=2 DEFAULT CHARSET=utf8;
/*!40101 SET character_set_client = @saved_cs_client */;

--
-- Dumping data for table `config`
--

LOCK TABLES `config` WRITE;
/*!40000 ALTER TABLE `config` DISABLE KEYS */;
INSERT INTO `config` VALUES (1,1,'2018-10-24 00:00:00','2018-11-04 21:49:35');
/*!40000 ALTER TABLE `config` ENABLE KEYS */;
UNLOCK TABLES;

--
-- Table structure for table `discount`
--

DROP TABLE IF EXISTS `discount`;
/*!40101 SET @saved_cs_client     = @@character_set_client */;
 SET character_set_client = utf8mb4 ;
CREATE TABLE `discount` (
  `id` int(11) NOT NULL AUTO_INCREMENT,
  `name` varchar(255) NOT NULL,
  `description` text NOT NULL,
  `percent` decimal(10,2) DEFAULT '0.00',
  `status_id` int(11) DEFAULT '2',
  `created_at` datetime NOT NULL,
  `updated_at` datetime NOT NULL,
  PRIMARY KEY (`id`)
) ENGINE=InnoDB AUTO_INCREMENT=2 DEFAULT CHARSET=utf8;
/*!40101 SET character_set_client = @saved_cs_client */;

--
-- Dumping data for table `discount`
--

LOCK TABLES `discount` WRITE;
/*!40000 ALTER TABLE `discount` DISABLE KEYS */;
/*!40000 ALTER TABLE `discount` ENABLE KEYS */;
UNLOCK TABLES;

--
-- Table structure for table `order`
--

DROP TABLE IF EXISTS `order`;
/*!40101 SET @saved_cs_client     = @@character_set_client */;
 SET character_set_client = utf8mb4 ;
CREATE TABLE `order` (
  `id` int(11) NOT NULL AUTO_INCREMENT,
  `totem_id` int(11) DEFAULT '0',
  `order_number` varchar(255) DEFAULT NULL,
  `total_price` decimal(10,2) DEFAULT '0.00',
  `discount` decimal(10,2) DEFAULT '0.00',
  `net_price` decimal(10,2) DEFAULT '0.00',
  `payment_method` int(11) DEFAULT '1',
  `order_printed` int(11) DEFAULT '0',
  `status_id` int(11) DEFAULT '0',
  `created_at` datetime NOT NULL,
  `updated_at` datetime NOT NULL,
  PRIMARY KEY (`id`),
  KEY `order_order_number` (`order_number`)
) ENGINE=InnoDB AUTO_INCREMENT=97 DEFAULT CHARSET=utf8;
/*!40101 SET character_set_client = @saved_cs_client */;

--
-- Dumping data for table `order`
--

LOCK TABLES `order` WRITE;
/*!40000 ALTER TABLE `order` DISABLE KEYS */;
INSERT INTO `order` VALUES (1,1,'00001',190.00,0.00,190.00,1,0,0,'2020-02-12 15:02:44','2020-02-12 15:02:44'),(2,1,'00002',190.00,0.00,190.00,1,0,2,'2020-02-12 15:04:21','2020-02-12 15:10:25'),(3,1,'00003',350.00,0.00,350.00,2,0,0,'2020-02-13 12:02:56','2020-02-13 12:02:56'),(4,1,'00004',570.00,0.00,570.00,1,0,2,'2020-02-13 12:06:28','2020-02-13 12:15:39'),(5,1,'00005',535.00,0.00,535.00,1,0,2,'2020-02-13 12:17:17','2020-02-13 12:26:03'),(6,1,'00006',380.00,0.00,380.00,1,0,2,'2020-02-13 12:19:04','2020-02-13 12:30:23'),(7,1,'00007',415.00,0.00,415.00,1,0,2,'2020-02-13 12:22:15','2020-02-13 12:28:51'),(8,1,'00008',540.00,0.00,540.00,2,0,0,'2020-02-13 12:23:54','2020-02-13 12:23:54'),(9,1,'00009',190.00,0.00,190.00,1,0,0,'2020-02-13 12:35:05','2020-02-13 12:35:05'),(10,1,'00010',190.00,0.00,190.00,1,0,0,'2020-02-13 12:36:11','2020-02-13 12:36:11'),(11,1,'00011',190.00,0.00,190.00,1,0,0,'2020-02-13 12:37:16','2020-02-13 12:37:16'),(12,1,'00012',190.00,0.00,190.00,1,0,0,'2020-02-13 12:38:16','2020-02-13 12:38:16'),(13,1,'00013',1090.00,0.00,1090.00,2,0,0,'2020-02-13 12:45:18','2020-02-13 12:45:18'),(14,1,'00014',950.00,0.00,950.00,1,0,0,'2020-02-13 12:50:32','2020-02-13 12:50:32'),(15,1,'00015',350.00,0.00,350.00,1,0,0,'2020-02-13 13:07:14','2020-02-13 13:07:14'),(16,1,'00016',410.00,0.00,410.00,1,0,0,'2020-02-13 13:07:57','2020-02-13 13:07:57'),(17,1,'00017',410.00,0.00,410.00,1,0,0,'2020-02-13 13:09:41','2020-02-13 13:09:41'),(18,1,'00018',1060.00,0.00,1060.00,2,0,0,'2020-02-13 13:15:12','2020-02-13 13:15:12'),(19,1,'00019',550.00,0.00,550.00,2,0,0,'2020-02-13 13:24:27','2020-02-13 13:24:27'),(20,1,'00020',810.00,0.00,810.00,1,0,2,'2020-02-13 13:47:16','2020-02-13 13:57:08'),(21,1,'00021',1560.00,0.00,1560.00,1,0,2,'2020-02-13 13:54:04','2020-02-13 14:09:55'),(22,1,'00022',380.00,0.00,380.00,1,0,2,'2020-02-13 18:21:21','2020-02-13 18:29:56'),(23,1,'00023',800.00,0.00,800.00,1,0,0,'2020-02-13 20:17:43','2020-02-13 20:17:43'),(24,1,'00024',1460.00,0.00,1460.00,1,0,2,'2020-02-13 20:43:39','2020-02-13 21:02:12'),(25,1,'00025',350.00,0.00,350.00,2,0,0,'2020-02-13 20:46:36','2020-02-13 20:46:36'),(26,1,'00026',1045.00,0.00,1045.00,2,0,0,'2020-02-13 20:52:49','2020-02-13 20:52:49'),(27,1,'00027',1765.00,0.00,1765.00,2,1,2,'2020-02-13 21:00:12','2020-02-13 21:19:10'),(28,1,'00028',380.00,0.00,380.00,1,0,2,'2020-02-13 21:10:07','2020-02-13 21:14:22'),(29,1,'00029',1700.00,0.00,1700.00,2,0,0,'2020-02-13 21:21:41','2020-02-13 21:21:41'),(30,1,'00030',1510.00,0.00,1510.00,1,0,2,'2020-02-13 21:23:32','2020-02-13 21:33:10'),(31,1,'00031',515.00,0.00,515.00,2,0,0,'2020-02-13 21:25:28','2020-02-13 21:25:28'),(32,1,'00032',495.00,0.00,495.00,1,0,2,'2020-02-13 21:26:21','2020-02-13 21:32:04'),(33,1,'00033',1680.00,0.00,1680.00,2,0,0,'2020-02-13 21:30:25','2020-02-13 21:30:25'),(34,1,'00034',380.00,0.00,380.00,2,1,2,'2020-02-13 21:44:04','2020-02-13 21:46:13'),(35,1,'00035',340.00,0.00,340.00,1,0,0,'2020-02-13 22:24:05','2020-02-13 22:24:05'),(36,1,'00036',690.00,0.00,690.00,2,0,0,'2020-02-14 12:22:11','2020-02-14 12:22:11'),(37,1,'00037',805.00,0.00,805.00,2,0,0,'2020-02-14 12:29:15','2020-02-14 12:29:15'),(38,1,'00038',700.00,0.00,700.00,2,0,0,'2020-02-14 12:30:15','2020-02-14 12:30:15'),(39,1,'00039',1275.00,0.00,1275.00,1,0,0,'2020-02-14 12:33:06','2020-02-14 12:33:06'),(40,1,'00040',310.00,0.00,310.00,1,0,0,'2020-02-14 12:45:34','2020-02-14 12:45:34'),(41,1,'00041',1350.00,0.00,1350.00,2,0,0,'2020-02-14 12:48:40','2020-02-14 12:48:40'),(42,1,'00042',530.00,0.00,530.00,1,0,2,'2020-02-14 12:58:29','2020-02-14 13:08:29'),(43,1,'00043',100.00,0.00,100.00,1,0,2,'2020-02-14 13:03:06','2020-02-14 13:05:56'),(44,1,'00044',1005.00,0.00,1005.00,1,0,2,'2020-02-14 13:13:33','2020-02-14 13:22:57'),(45,1,'00045',1670.00,0.00,1670.00,1,0,2,'2020-02-14 13:22:31','2020-02-14 13:34:36'),(46,1,'00046',380.00,0.00,380.00,1,0,2,'2020-02-14 13:27:27','2020-02-14 13:34:18'),(47,1,'00047',350.00,0.00,350.00,2,0,0,'2020-02-14 13:35:26','2020-02-14 13:35:26'),(48,1,'00048',540.00,0.00,540.00,1,0,2,'2020-02-14 13:38:54','2020-02-14 13:48:25'),(49,1,'00049',800.00,0.00,800.00,1,0,2,'2020-02-14 13:45:20','2020-02-14 13:59:27'),(50,1,'00050',920.00,0.00,920.00,2,0,0,'2020-02-14 14:00:41','2020-02-14 14:00:41'),(51,1,'00051',350.00,0.00,350.00,1,0,2,'2020-02-14 14:12:22','2020-02-14 14:20:13'),(52,1,'00052',700.00,0.00,700.00,1,0,2,'2020-02-14 14:13:45','2020-02-14 14:23:59'),(53,1,'00053',190.00,0.00,190.00,2,0,0,'2020-02-14 14:15:46','2020-02-14 14:15:46'),(54,1,'00054',445.00,0.00,445.00,1,0,2,'2020-02-14 14:17:56','2020-02-14 14:31:39'),(55,1,'00055',380.00,0.00,380.00,1,0,2,'2020-02-14 14:19:46','2020-02-14 14:30:46'),(56,1,'00056',845.00,0.00,845.00,1,0,2,'2020-02-14 14:27:38','2020-02-14 14:37:50'),(57,1,'00057',900.00,0.00,900.00,2,0,0,'2020-02-15 12:34:50','2020-02-15 12:34:50'),(58,1,'00058',340.00,0.00,340.00,2,0,0,'2020-02-15 12:38:12','2020-02-15 12:38:12'),(59,1,'00059',550.00,0.00,550.00,1,0,1,'2020-02-15 12:41:19','2020-02-15 12:42:29'),(60,1,'00060',940.00,0.00,940.00,1,0,1,'2020-02-15 12:57:11','2020-02-15 12:57:44'),(61,1,'00061',350.00,0.00,350.00,2,0,0,'2020-02-15 13:00:01','2020-02-15 13:00:01'),(62,1,'00062',380.00,0.00,380.00,1,0,2,'2020-02-15 13:09:05','2020-02-15 13:16:05'),(63,1,'00063',310.00,0.00,310.00,1,0,2,'2020-02-15 13:32:04','2020-02-15 13:39:20'),(64,1,'00064',340.00,0.00,340.00,1,0,2,'2020-02-15 13:33:46','2020-02-15 13:43:55'),(65,1,'00065',420.00,0.00,420.00,2,1,2,'2020-02-15 13:55:00','2020-02-15 14:18:33'),(66,1,'00066',1275.00,0.00,1275.00,2,0,0,'2020-02-15 20:08:37','2020-02-15 20:08:37'),(67,1,'00067',1110.00,0.00,1110.00,1,0,2,'2020-02-15 20:15:02','2020-02-15 20:22:17'),(68,1,'00068',240.00,0.00,240.00,2,0,0,'2020-02-15 20:29:40','2020-02-15 20:29:40'),(69,1,'00069',1650.00,0.00,1650.00,1,0,2,'2020-02-15 20:45:48','2020-02-15 20:56:24'),(70,1,'00070',730.00,0.00,730.00,2,0,0,'2020-02-15 20:59:45','2020-02-15 20:59:45'),(71,1,'00071',950.00,0.00,950.00,2,0,0,'2020-02-15 21:03:40','2020-02-15 21:03:40'),(72,1,'00072',1080.00,0.00,1080.00,2,0,0,'2020-02-15 21:12:25','2020-02-15 21:12:25'),(73,1,'00073',730.00,0.00,730.00,1,0,2,'2020-02-15 21:21:30','2020-02-15 21:26:43'),(74,1,'00074',60.00,0.00,60.00,2,0,0,'2020-02-15 21:25:03','2020-02-15 21:25:03'),(75,1,'00075',760.00,0.00,760.00,2,0,0,'2020-02-15 21:44:17','2020-02-15 21:44:17'),(76,1,'00076',350.00,0.00,350.00,1,0,0,'2020-02-15 21:44:33','2020-02-15 21:44:33'),(77,1,'00077',730.00,0.00,730.00,2,0,0,'2020-02-15 21:47:09','2020-02-15 21:47:09'),(78,1,'00078',1260.00,0.00,1260.00,1,0,2,'2020-02-15 21:55:52','2020-02-15 22:06:49'),(79,1,'00079',385.00,0.00,385.00,2,0,0,'2020-02-15 21:57:55','2020-02-15 21:57:55'),(80,1,'00080',1770.00,0.00,1770.00,1,0,2,'2020-02-15 22:09:14','2020-02-15 22:26:49'),(81,1,'00081',640.00,0.00,640.00,2,0,0,'2020-02-15 22:18:31','2020-02-15 22:18:31'),(82,1,'00082',350.00,0.00,350.00,2,0,0,'2020-02-15 22:22:25','2020-02-15 22:22:25'),(83,1,'00083',415.00,0.00,415.00,2,0,0,'2020-02-15 22:23:09','2020-02-15 22:23:09'),(84,1,'00084',570.00,0.00,570.00,1,0,2,'2020-02-15 22:29:12','2020-02-15 22:43:07'),(85,1,'00085',630.00,0.00,630.00,2,0,0,'2020-02-15 22:54:01','2020-02-15 22:54:01'),(86,1,'00086',350.00,0.00,350.00,1,0,0,'2020-02-16 20:12:28','2020-02-16 20:12:28'),(87,1,'00087',1025.00,0.00,1025.00,2,0,0,'2020-02-16 20:41:05','2020-02-16 20:41:05'),(88,1,'00088',675.00,0.00,675.00,2,0,0,'2020-02-16 20:43:11','2020-02-16 20:43:11'),(89,1,'00089',450.00,0.00,450.00,2,0,0,'2020-02-16 20:44:28','2020-02-16 20:44:28'),(90,1,'00090',905.00,0.00,905.00,1,0,2,'2020-02-16 20:52:33','2020-02-16 21:09:16'),(91,1,'00091',900.00,0.00,900.00,2,0,0,'2020-02-16 20:57:19','2020-02-16 20:57:19'),(92,1,'00092',620.00,0.00,620.00,1,0,2,'2020-02-16 20:59:54','2020-02-16 21:11:08'),(93,1,'00093',1080.00,0.00,1080.00,2,0,0,'2020-02-16 21:23:43','2020-02-16 21:23:43'),(94,1,'00094',790.00,0.00,790.00,1,0,0,'2020-02-16 21:46:42','2020-02-16 21:46:42'),(95,1,'00095',790.00,0.00,790.00,1,0,0,'2020-02-16 21:48:38','2020-02-16 21:48:38'),(96,1,'00096',790.00,0.00,790.00,1,0,2,'2020-02-16 21:49:28','2020-02-16 21:56:43');
/*!40000 ALTER TABLE `order` ENABLE KEYS */;
UNLOCK TABLES;

--
-- Table structure for table `order_items`
--

DROP TABLE IF EXISTS `order_items`;
/*!40101 SET @saved_cs_client     = @@character_set_client */;
 SET character_set_client = utf8mb4 ;
CREATE TABLE `order_items` (
  `id` int(11) NOT NULL AUTO_INCREMENT,
  `order_id` int(11) DEFAULT NULL,
  `product_id` int(11) DEFAULT NULL,
  `product_name` varchar(255) DEFAULT NULL,
  `quantity` int(11) DEFAULT NULL,
  `kitchen_text` varchar(255) DEFAULT NULL,
  `ticket_text` varchar(255) DEFAULT NULL,
  `unit_price` decimal(10,2) DEFAULT '0.00',
  `total_price` decimal(10,2) DEFAULT '0.00',
  `discount` decimal(10,2) DEFAULT '0.00',
  `net_price` decimal(10,2) DEFAULT '0.00',
  `status_id` int(11) DEFAULT '0',
  `created_at` datetime NOT NULL,
  `updated_at` datetime NOT NULL,
  PRIMARY KEY (`id`),
  KEY `order_items_order_id` (`order_id`)
) ENGINE=InnoDB AUTO_INCREMENT=233 DEFAULT CHARSET=utf8;
/*!40101 SET character_set_client = @saved_cs_client */;

--
-- Dumping data for table `order_items`
--

LOCK TABLES `order_items` WRITE;
/*!40000 ALTER TABLE `order_items` DISABLE KEYS */;
INSERT INTO `order_items` VALUES (1,1,32,'COMBO BAHIENSE POLLO',1,'MILA POLLO CHICA','BAHIENSE L/T POLLO C/SPRITE MEDIANA',190.00,190.00,0.00,190.00,0,'2020-02-12 15:02:44','2020-02-12 15:02:44'),(2,2,32,'COMBO BAHIENSE POLLO',1,'MILA POLLO CHICA','BAHIENSE L/T POLLO C/SPRITE MEDIANA',190.00,190.00,0.00,190.00,0,'2020-02-12 15:04:21','2020-02-12 15:04:21'),(3,3,1,'CLASSIC LT',1,'CLASSIC LT','COMBO CLASSIC L/T C/SPRITE MEDIANA',350.00,350.00,0.00,350.00,0,'2020-02-13 12:02:56','2020-02-13 12:02:56'),(4,4,31,'COMBO BAHIENSE',1,'JUNIOR L/T','BAHIENSE L/T C/AGUA SIN GAS MEDIANA',190.00,190.00,0.00,190.00,0,'2020-02-13 12:06:28','2020-02-13 12:06:28'),(5,4,32,'COMBO BAHIENSE POLLO',1,'MILA POLLO CHICA','BAHIENSE L/T POLLO C/FANTA NARANJA MEDIANA',190.00,190.00,0.00,190.00,0,'2020-02-13 12:06:28','2020-02-13 12:06:28'),(6,4,32,'COMBO BAHIENSE POLLO',1,'MILA POLLO CHICA','BAHIENSE L/T POLLO C/AGUA SIN GAS MEDIANA',190.00,190.00,0.00,190.00,0,'2020-02-13 12:06:28','2020-02-13 12:06:28'),(7,5,23,'PAPAS  MEDIANAS',1,'','PAPAS  MEDIANAS',90.00,90.00,0.00,90.00,0,'2020-02-13 12:17:17','2020-02-13 12:17:17'),(8,5,48,'FANTA NARANJA',1,'','FANTA NARANJA MEDIANA',65.00,65.00,0.00,65.00,0,'2020-02-13 12:17:17','2020-02-13 12:17:17'),(9,5,31,'COMBO BAHIENSE',1,'JUNIOR L/T','BAHIENSE L/T C/COCA COLA MEDIANA',190.00,190.00,0.00,190.00,0,'2020-02-13 12:17:17','2020-02-13 12:17:17'),(10,5,31,'COMBO BAHIENSE',1,'JUNIOR L/T','BAHIENSE L/T C/AGUA SABORIZADA MANZANA MEDIANA',190.00,190.00,0.00,190.00,0,'2020-02-13 12:17:17','2020-02-13 12:17:17'),(11,6,32,'COMBO BAHIENSE POLLO',1,'MILA POLLO CHICA','BAHIENSE L/T POLLO C/AGUA SABORIZADA POMELO MEDIANA',190.00,190.00,0.00,190.00,0,'2020-02-13 12:19:04','2020-02-13 12:19:04'),(12,6,32,'COMBO BAHIENSE POLLO',1,'MILA POLLO CHICA','BAHIENSE L/T POLLO C/AGUA SABORIZADA POMELO MEDIANA',190.00,190.00,0.00,190.00,0,'2020-02-13 12:19:04','2020-02-13 12:19:04'),(13,7,36,'ENSALADA CAESAR',1,'','ENSALADA CAESAR ',350.00,350.00,0.00,350.00,0,'2020-02-13 12:22:15','2020-02-13 12:22:15'),(14,7,51,'SPRITE',1,'','SPRITE MEDIANA',65.00,65.00,0.00,65.00,0,'2020-02-13 12:22:15','2020-02-13 12:22:15'),(15,8,27,'MINI BOX Burger con queso',1,'HAMB. C/QUESO','MINI BOX HAMB. C/QUESO C/COCA COLA CHICA',350.00,350.00,0.00,350.00,0,'2020-02-13 12:23:54','2020-02-13 12:23:54'),(16,8,31,'COMBO BAHIENSE',1,'JUNIOR L/T','BAHIENSE L/T C/JUGO CEPITA MEDIANA',190.00,190.00,0.00,190.00,0,'2020-02-13 12:23:54','2020-02-13 12:23:54'),(17,9,31,'COMBO BAHIENSE',1,'JUNIOR L/T','BAHIENSE L/T C/FANTA NARANJA MEDIANA',190.00,190.00,0.00,190.00,0,'2020-02-13 12:35:05','2020-02-13 12:35:05'),(18,10,31,'COMBO BAHIENSE',1,'JUNIOR L/T','BAHIENSE L/T C/FANTA NARANJA MEDIANA',190.00,190.00,0.00,190.00,0,'2020-02-13 12:36:11','2020-02-13 12:36:11'),(19,11,31,'COMBO BAHIENSE',1,'JUNIOR L/T','BAHIENSE L/T C/FANTA NARANJA MEDIANA',190.00,190.00,0.00,190.00,0,'2020-02-13 12:37:16','2020-02-13 12:37:16'),(20,12,31,'COMBO BAHIENSE',1,'JUNIOR L/T','BAHIENSE L/T C/FANTA NARANJA MEDIANA',190.00,190.00,0.00,190.00,0,'2020-02-13 12:38:16','2020-02-13 12:38:16'),(21,13,67,'FARMER',1,'FARMER','COMBO FARMER C/AGUA SABORIZADA MANZANA MEDIANA',350.00,350.00,0.00,350.00,0,'2020-02-13 12:45:18','2020-02-13 12:45:18'),(22,13,12,'JAMES BOND',1,'JAMES BOND','COMBO JAMES BOND  C/LATA IMPERIAL RUBIA  MEDIANA',340.00,400.00,0.00,400.00,0,'2020-02-13 12:45:18','2020-02-13 12:45:18'),(23,13,12,'JAMES BOND',1,'JAMES BOND','COMBO JAMES BOND  C/AGUA SABORIZADA POMELO MEDIANA',340.00,340.00,0.00,340.00,0,'2020-02-13 12:45:18','2020-02-13 12:45:18'),(24,14,31,'COMBO BAHIENSE',1,'JUNIOR L/T','BAHIENSE L/T C/COCA COLA MEDIANA',190.00,190.00,0.00,190.00,0,'2020-02-13 12:50:32','2020-02-13 12:50:32'),(25,14,31,'COMBO BAHIENSE',1,'JUNIOR L/T','BAHIENSE L/T C/SPRITE MEDIANA',190.00,190.00,0.00,190.00,0,'2020-02-13 12:50:32','2020-02-13 12:50:32'),(26,14,31,'COMBO BAHIENSE',1,'JUNIOR L/T','BAHIENSE L/T C/SPRITE MEDIANA',190.00,190.00,0.00,190.00,0,'2020-02-13 12:50:32','2020-02-13 12:50:32'),(27,14,32,'COMBO BAHIENSE POLLO',1,'MILA POLLO CHICA','BAHIENSE L/T POLLO C/AGUA SIN GAS MEDIANA',190.00,190.00,0.00,190.00,0,'2020-02-13 12:50:32','2020-02-13 12:50:32'),(28,14,32,'COMBO BAHIENSE POLLO',1,'MILA POLLO CHICA','BAHIENSE L/T POLLO C/SPRITE MEDIANA',190.00,190.00,0.00,190.00,0,'2020-02-13 12:50:32','2020-02-13 12:50:32'),(29,15,1,'CLASSIC LT',1,'CLASSIC LT','COMBO CLASSIC L/T C/COCA ZERO MEDIANA',350.00,350.00,0.00,350.00,0,'2020-02-13 13:07:14','2020-02-13 13:07:14'),(30,16,2,'BROOKLYN',1,'BROOKLYN','COMBO BROOKLYN C/SPRITE MEDIANA',410.00,410.00,0.00,410.00,0,'2020-02-13 13:07:57','2020-02-13 13:07:57'),(31,17,2,'BROOKLYN',1,'BROOKLYN','COMBO BROOKLYN C/COCA ZERO MEDIANA',410.00,410.00,0.00,410.00,0,'2020-02-13 13:09:41','2020-02-13 13:09:41'),(32,18,5,'GOLDEN CHICKEN',1,'GOLDEN CHICKEN','COMBO GOLDEN CHICKEN C/COCA ZERO MEDIANA',310.00,310.00,0.00,310.00,0,'2020-02-13 13:15:12','2020-02-13 13:15:12'),(33,18,2,'BROOKLYN',1,'BROOKLYN','COMBO BROOKLYN C/COCA COLA MEDIANA',410.00,410.00,0.00,410.00,0,'2020-02-13 13:15:12','2020-02-13 13:15:12'),(34,18,12,'JAMES BOND',1,'JAMES BOND','COMBO JAMES BOND  C/SPRITE MEDIANA',340.00,340.00,0.00,340.00,0,'2020-02-13 13:15:12','2020-02-13 13:15:12'),(35,19,11,'OLIVIA',1,'OLIVIA','COMBO HAMB. OLIVIA C/SPRITE MEDIANA',240.00,240.00,0.00,240.00,0,'2020-02-13 13:24:27','2020-02-13 13:24:27'),(36,19,5,'GOLDEN CHICKEN',1,'GOLDEN CHICKEN','COMBO GOLDEN CHICKEN C/COCA COLA MEDIANA',310.00,310.00,0.00,310.00,0,'2020-02-13 13:24:27','2020-02-13 13:24:27'),(37,20,27,'MINI BOX Burger con queso',1,'HAMB. C/QUESO','MINI BOX HAMB. C/QUESO C/JUGO CEPITA MULTIFRUTAL CHICA',350.00,350.00,0.00,350.00,0,'2020-02-13 13:47:16','2020-02-13 13:47:16'),(38,20,35,'ENSALADA NIPONA',1,'','ENSALADA NIPONA',390.00,390.00,0.00,390.00,0,'2020-02-13 13:47:16','2020-02-13 13:47:16'),(39,20,39,'AGUA SIN GAS',1,'','AGUA SIN GAS',70.00,70.00,0.00,70.00,0,'2020-02-13 13:47:16','2020-02-13 13:47:16'),(40,21,1,'CLASSIC LT',1,'CLASSIC LT','COMBO CLASSIC L/T C/FANTA NARANJA MEDIANA',350.00,350.00,0.00,350.00,0,'2020-02-13 13:54:04','2020-02-13 13:54:04'),(41,21,67,'FARMER',1,'FARMER','COMBO FARMER C/COCA COLA MEDIANA',350.00,350.00,0.00,350.00,0,'2020-02-13 13:54:04','2020-02-13 13:54:04'),(42,21,4,'JOTAQU',1,'JOTAQU','COMBO JOTAQU C/SPRITE MEDIANA',450.00,450.00,0.00,450.00,0,'2020-02-13 13:54:04','2020-02-13 13:54:04'),(43,21,2,'BROOKLYN',1,'BROOKLYN','COMBO BROOKLYN C/COCA COLA MEDIANA',410.00,410.00,0.00,410.00,0,'2020-02-13 13:54:04','2020-02-13 13:54:04'),(44,22,31,'COMBO BAHIENSE',1,'JUNIOR L/T','BAHIENSE L/T C/COCA COLA MEDIANA',190.00,190.00,0.00,190.00,0,'2020-02-13 18:21:21','2020-02-13 18:21:21'),(45,22,32,'COMBO BAHIENSE POLLO',1,'MILA POLLO CHICA','BAHIENSE L/T POLLO C/JUGO ADES FRUTAS TROPICALES MEDIANA',190.00,190.00,0.00,190.00,0,'2020-02-13 18:21:21','2020-02-13 18:21:21'),(46,23,67,'FARMER',1,'FARMER','COMBO FARMER C/SPRITE MEDIANA',350.00,350.00,0.00,350.00,0,'2020-02-13 20:17:43','2020-02-13 20:17:43'),(47,23,4,'JOTAQU',1,'JOTAQU','COMBO JOTAQU C/SPRITE MEDIANA',450.00,450.00,0.00,450.00,0,'2020-02-13 20:17:43','2020-02-13 20:17:43'),(48,24,27,'MINI BOX Burger con queso',1,'HAMB. C/QUESO','MINI BOX HAMB. C/QUESO C/COCA COLA CHICA',350.00,350.00,0.00,350.00,0,'2020-02-13 20:43:39','2020-02-13 20:43:39'),(49,24,1,'CLASSIC LT',1,'CLASSIC LT','COMBO CLASSIC L/T C/AGUA SIN GAS MEDIANA',350.00,350.00,0.00,350.00,0,'2020-02-13 20:43:39','2020-02-13 20:43:39'),(50,24,63,'LOMO CRIOLLO',1,'LOMO CRIOLLO','LOMO CRIOLLO  C/AGUA SABORIZADA POMELO MEDIANA',420.00,420.00,0.00,420.00,0,'2020-02-13 20:43:39','2020-02-13 20:43:39'),(51,24,12,'JAMES BOND',1,'JAMES BOND','COMBO JAMES BOND  C/AGUA SIN GAS MEDIANA',340.00,340.00,0.00,340.00,0,'2020-02-13 20:43:39','2020-02-13 20:43:39'),(52,25,37,'ENSALADA TUTTI',1,'','ENSALADA TUTTI',350.00,350.00,0.00,350.00,0,'2020-02-13 20:46:36','2020-02-13 20:46:36'),(53,26,36,'ENSALADA CAESAR',1,'','ENSALADA CAESAR ',350.00,350.00,0.00,350.00,0,'2020-02-13 20:52:49','2020-02-13 20:52:49'),(54,26,36,'ENSALADA CAESAR',1,'','ENSALADA CAESAR ',350.00,350.00,0.00,350.00,0,'2020-02-13 20:52:49','2020-02-13 20:52:49'),(55,26,39,'AGUA SIN GAS',1,'','AGUA SIN GAS',70.00,70.00,0.00,70.00,0,'2020-02-13 20:52:49','2020-02-13 20:52:49'),(56,26,38,'AGUA SABORIZADA',1,'','AGUA SABORIZADA MANZANA',85.00,85.00,0.00,85.00,0,'2020-02-13 20:52:49','2020-02-13 20:52:49'),(57,26,19,'PAPAS GUAPAS',1,'','PAPAS GUAPAS',190.00,190.00,0.00,190.00,0,'2020-02-13 20:52:49','2020-02-13 20:52:49'),(58,27,3,'BESTIA',1,'BESTIA','COMBO BESTIA C/SPRITE MEDIANA',495.00,495.00,0.00,495.00,0,'2020-02-13 21:00:12','2020-02-13 21:00:12'),(59,27,4,'JOTAQU',1,'JOTAQU','COMBO JOTAQU C/COCA ZERO MEDIANA',450.00,450.00,0.00,450.00,0,'2020-02-13 21:00:12','2020-02-13 21:00:12'),(60,27,1,'CLASSIC LT',1,'CLASSIC LT','COMBO CLASSIC L/T C/LATA HEINEKEN MEDIANA',350.00,410.00,0.00,410.00,0,'2020-02-13 21:00:12','2020-02-13 21:00:12'),(61,27,2,'BROOKLYN',1,'BROOKLYN','COMBO BROOKLYN C/FANTA NARANJA MEDIANA',410.00,410.00,0.00,410.00,0,'2020-02-13 21:00:12','2020-02-13 21:00:12'),(62,28,19,'PAPAS GUAPAS',1,'','PAPAS GUAPAS',190.00,190.00,0.00,190.00,0,'2020-02-13 21:10:07','2020-02-13 21:10:07'),(63,28,19,'PAPAS GUAPAS',1,'','PAPAS GUAPAS',190.00,190.00,0.00,190.00,0,'2020-02-13 21:10:07','2020-02-13 21:10:07'),(64,29,63,'LOMO CRIOLLO',1,'LOMO CRIOLLO','LOMO CRIOLLO  C/AGUA SABORIZADA PERA MEDIANA',420.00,420.00,0.00,420.00,0,'2020-02-13 21:21:41','2020-02-13 21:21:41'),(65,29,30,'MINI BOX Nuggets x 4',1,'CHICKENS X 4','MINI BOX CHIKENS C/SPRITE CHICA',350.00,350.00,0.00,350.00,0,'2020-02-13 21:21:41','2020-02-13 21:21:41'),(66,29,63,'LOMO CRIOLLO',1,'LOMO CRIOLLO','LOMO CRIOLLO  C/LATA IMPERIAL NEGRA MEDIANA',420.00,480.00,0.00,480.00,0,'2020-02-13 21:21:41','2020-02-13 21:21:41'),(67,29,4,'JOTAQU',1,'JOTAQU','COMBO JOTAQU C/SPRITE MEDIANA',450.00,450.00,0.00,450.00,0,'2020-02-13 21:21:41','2020-02-13 21:21:41'),(68,30,31,'COMBO BAHIENSE',1,'JUNIOR L/T','BAHIENSE L/T C/FANTA NARANJA MEDIANA',190.00,190.00,0.00,190.00,0,'2020-02-13 21:23:32','2020-02-13 21:23:32'),(69,30,4,'JOTAQU',1,'JOTAQU','COMBO JOTAQU C/COCA COLA MEDIANA',450.00,450.00,0.00,450.00,0,'2020-02-13 21:23:32','2020-02-13 21:23:32'),(70,30,4,'JOTAQU',1,'JOTAQU','COMBO JOTAQU C/SPRITE MEDIANA',450.00,450.00,0.00,450.00,0,'2020-02-13 21:23:32','2020-02-13 21:23:32'),(71,30,63,'LOMO CRIOLLO',1,'LOMO CRIOLLO','LOMO CRIOLLO  C/FANTA NARANJA MEDIANA',420.00,420.00,0.00,420.00,0,'2020-02-13 21:23:32','2020-02-13 21:23:32'),(72,31,27,'MINI BOX Burger con queso',1,'HAMB. C/QUESO','MINI BOX HAMB. C/QUESO C/COCA ZERO CHICA',350.00,350.00,0.00,350.00,0,'2020-02-13 21:25:28','2020-02-13 21:25:28'),(73,31,24,'PAPAS  GRANDES',1,'','PAPAS  GRANDES',100.00,100.00,0.00,100.00,0,'2020-02-13 21:25:28','2020-02-13 21:25:28'),(74,31,48,'FANTA NARANJA',1,'','FANTA NARANJA MEDIANA',65.00,65.00,0.00,65.00,0,'2020-02-13 21:25:28','2020-02-13 21:25:28'),(75,32,3,'BESTIA',1,'BESTIA','COMBO BESTIA C/COCA COLA MEDIANA',495.00,495.00,0.00,495.00,0,'2020-02-13 21:26:21','2020-02-13 21:26:21'),(76,33,63,'LOMO CRIOLLO',1,'LOMO CRIOLLO','LOMO CRIOLLO  C/COCA COLA MEDIANA',420.00,420.00,0.00,420.00,0,'2020-02-13 21:30:25','2020-02-13 21:30:25'),(77,33,63,'LOMO CRIOLLO',1,'LOMO CRIOLLO','LOMO CRIOLLO  C/COCA COLA MEDIANA',420.00,420.00,0.00,420.00,0,'2020-02-13 21:30:25','2020-02-13 21:30:25'),(78,33,63,'LOMO CRIOLLO',1,'LOMO CRIOLLO','LOMO CRIOLLO  C/COCA COLA MEDIANA',420.00,420.00,0.00,420.00,0,'2020-02-13 21:30:25','2020-02-13 21:30:25'),(79,33,63,'LOMO CRIOLLO',1,'LOMO CRIOLLO','LOMO CRIOLLO  C/COCA COLA MEDIANA',420.00,420.00,0.00,420.00,0,'2020-02-13 21:30:25','2020-02-13 21:30:25'),(80,34,31,'COMBO BAHIENSE',1,'JUNIOR L/T','BAHIENSE L/T C/SPRITE MEDIANA',190.00,190.00,0.00,190.00,0,'2020-02-13 21:44:04','2020-02-13 21:44:04'),(81,34,31,'COMBO BAHIENSE',1,'JUNIOR L/T','BAHIENSE L/T C/COCA COLA MEDIANA',190.00,190.00,0.00,190.00,0,'2020-02-13 21:44:04','2020-02-13 21:44:04'),(82,35,12,'JAMES BOND',1,'JAMES BOND','COMBO JAMES BOND  C/COCA COLA MEDIANA',340.00,340.00,0.00,340.00,0,'2020-02-13 22:24:05','2020-02-13 22:24:05'),(83,36,5,'GOLDEN CHICKEN',1,'GOLDEN CHICKEN','COMBO GOLDEN CHICKEN C/AGUA SABORIZADA POMELO MEDIANA',310.00,310.00,0.00,310.00,0,'2020-02-14 12:22:11','2020-02-14 12:22:11'),(84,36,31,'COMBO BAHIENSE',1,'JUNIOR L/T','BAHIENSE L/T C/AGUA SABORIZADA MANZANA MEDIANA',190.00,190.00,0.00,190.00,0,'2020-02-14 12:22:11','2020-02-14 12:22:11'),(85,36,19,'PAPAS GUAPAS',1,'','PAPAS GUAPAS',190.00,190.00,0.00,190.00,0,'2020-02-14 12:22:11','2020-02-14 12:22:11'),(86,37,35,'ENSALADA NIPONA',1,'','ENSALADA NIPONA',390.00,390.00,0.00,390.00,0,'2020-02-14 12:29:15','2020-02-14 12:29:15'),(87,37,34,'ENSALADA VERDE',1,'','ENSALADA VERDE',285.00,285.00,0.00,285.00,0,'2020-02-14 12:29:15','2020-02-14 12:29:15'),(88,37,54,'COCA ZERO',1,'','COCA ZERO MEDIANA',65.00,65.00,0.00,65.00,0,'2020-02-14 12:29:15','2020-02-14 12:29:15'),(89,37,51,'SPRITE',1,'','SPRITE MEDIANA',65.00,65.00,0.00,65.00,0,'2020-02-14 12:29:15','2020-02-14 12:29:15'),(90,38,1,'CLASSIC LT',1,'CLASSIC LT','COMBO CLASSIC L/T C/COCA COLA MEDIANA',350.00,350.00,0.00,350.00,0,'2020-02-14 12:30:15','2020-02-14 12:30:15'),(91,38,1,'CLASSIC LT',1,'CLASSIC LT','COMBO CLASSIC L/T C/SPRITE MEDIANA',350.00,350.00,0.00,350.00,0,'2020-02-14 12:30:15','2020-02-14 12:30:15'),(92,39,29,'MINI BOX Tostado con jamn y queso',1,'JUNIOR TOST + papas','MINI BOX J/Q C/FANTA NARANJA CHICA',285.00,285.00,0.00,285.00,0,'2020-02-14 12:33:06','2020-02-14 12:33:06'),(93,39,4,'JOTAQU',1,'JOTAQU','COMBO JOTAQU C/AGUA SABORIZADA PERA MEDIANA',450.00,450.00,0.00,450.00,0,'2020-02-14 12:33:06','2020-02-14 12:33:06'),(94,39,1,'CLASSIC LT',1,'CLASSIC LT','COMBO CLASSIC L/T C/FANTA NARANJA MEDIANA',350.00,350.00,0.00,350.00,0,'2020-02-14 12:33:06','2020-02-14 12:33:06'),(95,39,19,'PAPAS GUAPAS',1,'','PAPAS GUAPAS',190.00,190.00,0.00,190.00,0,'2020-02-14 12:33:06','2020-02-14 12:33:06'),(96,40,5,'GOLDEN CHICKEN',1,'GOLDEN CHICKEN','COMBO GOLDEN CHICKEN C/COCA COLA MEDIANA',310.00,310.00,0.00,310.00,0,'2020-02-14 12:45:34','2020-02-14 12:45:34'),(97,41,65,'MINI BOX POLLO',1,'MINI BOX POLLO','MINI BOX HAMB. C/QUESO C/COCA COLA CHICA',350.00,350.00,0.00,350.00,0,'2020-02-14 12:48:40','2020-02-14 12:48:40'),(98,41,65,'MINI BOX POLLO',1,'MINI BOX POLLO','MINI BOX HAMB. C/QUESO C/COCA COLA CHICA',350.00,350.00,0.00,350.00,0,'2020-02-14 12:48:40','2020-02-14 12:48:40'),(99,41,11,'OLIVIA',1,'OLIVIA','COMBO HAMB. OLIVIA C/AGUA SABORIZADA POMELO MEDIANA',240.00,240.00,0.00,240.00,0,'2020-02-14 12:48:40','2020-02-14 12:48:40'),(100,41,2,'BROOKLYN',1,'BROOKLYN','COMBO BROOKLYN C/AGUA SIN GAS MEDIANA',410.00,410.00,0.00,410.00,0,'2020-02-14 12:48:40','2020-02-14 12:48:40'),(101,42,12,'JAMES BOND',1,'JAMES BOND','COMBO JAMES BOND  C/AGUA SABORIZADA POMELO MEDIANA',340.00,340.00,0.00,340.00,0,'2020-02-14 12:58:29','2020-02-14 12:58:29'),(102,42,32,'COMBO BAHIENSE POLLO',1,'MILA POLLO CHICA','BAHIENSE L/T POLLO C/JUGO ADES FRUTAS TROPICALES MEDIANA',190.00,190.00,0.00,190.00,0,'2020-02-14 12:58:29','2020-02-14 12:58:29'),(103,43,24,'PAPAS  GRANDES',1,'','PAPAS  GRANDES',100.00,100.00,0.00,100.00,0,'2020-02-14 13:03:06','2020-02-14 13:03:06'),(104,44,67,'FARMER',1,'FARMER','COMBO FARMER C/COCA COLA MEDIANA',350.00,350.00,0.00,350.00,0,'2020-02-14 13:13:33','2020-02-14 13:13:33'),(105,44,19,'PAPAS GUAPAS',1,'','PAPAS GUAPAS',190.00,190.00,0.00,190.00,0,'2020-02-14 13:13:33','2020-02-14 13:13:33'),(106,44,19,'PAPAS GUAPAS',1,'','PAPAS GUAPAS',190.00,190.00,0.00,190.00,0,'2020-02-14 13:13:33','2020-02-14 13:13:33'),(107,44,38,'AGUA SABORIZADA',1,'','AGUA SABORIZADA PERA',85.00,85.00,0.00,85.00,0,'2020-02-14 13:13:33','2020-02-14 13:13:33'),(108,44,42,'LATA IMPERIAL RUBIA ',1,'','LATA IMPERIAL RUBIA ',130.00,190.00,0.00,190.00,0,'2020-02-14 13:13:33','2020-02-14 13:13:33'),(109,45,1,'CLASSIC LT',1,'CLASSIC LT','COMBO CLASSIC L/T C/COCA COLA MEDIANA',350.00,350.00,0.00,350.00,0,'2020-02-14 13:22:31','2020-02-14 13:22:31'),(110,45,1,'CLASSIC LT',1,'CLASSIC LT','COMBO CLASSIC L/T C/COCA COLA MEDIANA',350.00,350.00,0.00,350.00,0,'2020-02-14 13:22:31','2020-02-14 13:22:31'),(111,45,37,'ENSALADA TUTTI',1,'','ENSALADA TUTTI',350.00,350.00,0.00,350.00,0,'2020-02-14 13:22:31','2020-02-14 13:22:31'),(112,45,35,'ENSALADA NIPONA',1,'','ENSALADA NIPONA',390.00,390.00,0.00,390.00,0,'2020-02-14 13:22:31','2020-02-14 13:22:31'),(113,45,38,'AGUA SABORIZADA',1,'','AGUA SABORIZADA POMELO',85.00,85.00,0.00,85.00,0,'2020-02-14 13:22:31','2020-02-14 13:22:31'),(114,45,54,'COCA ZERO',1,'','COCA ZERO MEDIANA',65.00,65.00,0.00,65.00,0,'2020-02-14 13:22:31','2020-02-14 13:22:31'),(115,45,22,'PAPAS  CHICAS',1,'','PAPAS  CHICAS',80.00,80.00,0.00,80.00,0,'2020-02-14 13:22:31','2020-02-14 13:22:31'),(116,46,31,'COMBO BAHIENSE',1,'JUNIOR L/T','BAHIENSE L/T C/COCA COLA MEDIANA',190.00,190.00,0.00,190.00,0,'2020-02-14 13:27:27','2020-02-14 13:27:27'),(117,46,31,'COMBO BAHIENSE',1,'JUNIOR L/T','BAHIENSE L/T C/COCA ZERO MEDIANA',190.00,190.00,0.00,190.00,0,'2020-02-14 13:27:27','2020-02-14 13:27:27'),(118,47,67,'FARMER',1,'FARMER','COMBO FARMER C/AGUA SABORIZADA POMELO MEDIANA',350.00,350.00,0.00,350.00,0,'2020-02-14 13:35:26','2020-02-14 13:35:26'),(119,48,32,'COMBO BAHIENSE POLLO',1,'MILA POLLO CHICA','BAHIENSE L/T POLLO C/AGUA SIN GAS MEDIANA',190.00,190.00,0.00,190.00,0,'2020-02-14 13:38:54','2020-02-14 13:38:54'),(120,48,30,'MINI BOX Nuggets x 4',1,'CHICKENS X 4','MINI BOX CHIKENS C/COCA COLA CHICA',350.00,350.00,0.00,350.00,0,'2020-02-14 13:38:54','2020-02-14 13:38:54'),(121,49,1,'CLASSIC LT',1,'CLASSIC LT','COMBO CLASSIC L/T C/AGUA SABORIZADA POMELO MEDIANA',350.00,350.00,0.00,350.00,0,'2020-02-14 13:45:20','2020-02-14 13:45:20'),(122,49,4,'JOTAQU',1,'JOTAQU','COMBO JOTAQU C/AGUA SIN GAS MEDIANA',450.00,450.00,0.00,450.00,0,'2020-02-14 13:45:20','2020-02-14 13:45:20'),(123,50,31,'COMBO BAHIENSE',1,'JUNIOR L/T','BAHIENSE L/T C/SPRITE MEDIANA',190.00,190.00,0.00,190.00,0,'2020-02-14 14:00:41','2020-02-14 14:00:41'),(124,50,31,'COMBO BAHIENSE',1,'JUNIOR L/T','BAHIENSE L/T C/SPRITE MEDIANA',190.00,190.00,0.00,190.00,0,'2020-02-14 14:00:41','2020-02-14 14:00:41'),(125,50,31,'COMBO BAHIENSE',1,'JUNIOR L/T','BAHIENSE L/T C/FANTA NARANJA MEDIANA',190.00,190.00,0.00,190.00,0,'2020-02-14 14:00:41','2020-02-14 14:00:41'),(126,50,30,'MINI BOX Nuggets x 4',1,'CHICKENS X 4','MINI BOX CHIKENS C/AGUA SABORIZADA POMELO CHICA',350.00,350.00,0.00,350.00,0,'2020-02-14 14:00:41','2020-02-14 14:00:41'),(127,51,1,'CLASSIC LT',1,'CLASSIC LT','COMBO CLASSIC L/T C/FANTA NARANJA MEDIANA',350.00,350.00,0.00,350.00,0,'2020-02-14 14:12:22','2020-02-14 14:12:22'),(128,52,30,'MINI BOX Nuggets x 4',1,'CHICKENS X 4','MINI BOX CHIKENS C/FANTA NARANJA CHICA',350.00,350.00,0.00,350.00,0,'2020-02-14 14:13:45','2020-02-14 14:13:45'),(129,52,65,'MINI BOX POLLO',1,'MINI BOX POLLO','MINI BOX HAMB. C/QUESO C/JUGO CEPITA NARANJA CHICA',350.00,350.00,0.00,350.00,0,'2020-02-14 14:13:45','2020-02-14 14:13:45'),(130,53,32,'COMBO BAHIENSE POLLO',1,'MILA POLLO CHICA','BAHIENSE L/T POLLO C/COCA COLA MEDIANA',190.00,190.00,0.00,190.00,0,'2020-02-14 14:15:46','2020-02-14 14:15:46'),(131,54,19,'PAPAS GUAPAS',1,'','PAPAS GUAPAS',190.00,190.00,0.00,190.00,0,'2020-02-14 14:17:56','2020-02-14 14:17:56'),(132,54,31,'COMBO BAHIENSE',1,'JUNIOR L/T','BAHIENSE L/T C/SPRITE MEDIANA',190.00,190.00,0.00,190.00,0,'2020-02-14 14:17:56','2020-02-14 14:17:56'),(133,54,48,'FANTA NARANJA',1,'','FANTA NARANJA MEDIANA',65.00,65.00,0.00,65.00,0,'2020-02-14 14:17:56','2020-02-14 14:17:56'),(134,55,31,'COMBO BAHIENSE',1,'JUNIOR L/T','BAHIENSE L/T C/AGUA SABORIZADA POMELO MEDIANA',190.00,190.00,0.00,190.00,0,'2020-02-14 14:19:46','2020-02-14 14:19:46'),(135,55,31,'COMBO BAHIENSE',1,'JUNIOR L/T','BAHIENSE L/T C/COCA COLA MEDIANA',190.00,190.00,0.00,190.00,0,'2020-02-14 14:19:46','2020-02-14 14:19:46'),(136,56,30,'MINI BOX Nuggets x 4',1,'CHICKENS X 4','MINI BOX CHIKENS C/COCA COLA CHICA',350.00,350.00,0.00,350.00,0,'2020-02-14 14:27:38','2020-02-14 14:27:38'),(137,56,3,'BESTIA',1,'BESTIA','COMBO BESTIA C/COCA COLA MEDIANA',495.00,495.00,0.00,495.00,0,'2020-02-14 14:27:38','2020-02-14 14:27:38'),(138,57,4,'JOTAQU',1,'JOTAQU','COMBO JOTAQU C/SPRITE MEDIANA',450.00,450.00,0.00,450.00,0,'2020-02-15 12:34:50','2020-02-15 12:34:50'),(139,57,4,'JOTAQU',1,'JOTAQU','COMBO JOTAQU C/COCA COLA MEDIANA',450.00,450.00,0.00,450.00,0,'2020-02-15 12:34:50','2020-02-15 12:34:50'),(140,58,12,'JAMES BOND',1,'JAMES BOND','COMBO JAMES BOND  C/COCA ZERO MEDIANA',340.00,340.00,0.00,340.00,0,'2020-02-15 12:38:12','2020-02-15 12:38:12'),(141,59,11,'OLIVIA',1,'OLIVIA','COMBO HAMB. OLIVIA C/AGUA SABORIZADA POMELO MEDIANA',240.00,240.00,0.00,240.00,0,'2020-02-15 12:41:19','2020-02-15 12:41:19'),(142,59,5,'GOLDEN CHICKEN',1,'GOLDEN CHICKEN','COMBO GOLDEN CHICKEN C/COCA COLA MEDIANA',310.00,310.00,0.00,310.00,0,'2020-02-15 12:41:19','2020-02-15 12:41:19'),(143,60,30,'MINI BOX Nuggets x 4',1,'CHICKENS X 4','MINI BOX CHIKENS C/AGUA SIN GAS CHICA',350.00,350.00,0.00,350.00,0,'2020-02-15 12:57:11','2020-02-15 12:57:11'),(144,60,30,'MINI BOX Nuggets x 4',1,'CHICKENS X 4','MINI BOX CHIKENS C/SPRITE CHICA',350.00,350.00,0.00,350.00,0,'2020-02-15 12:57:11','2020-02-15 12:57:11'),(145,60,11,'OLIVIA',1,'OLIVIA','COMBO HAMB. OLIVIA C/COCA ZERO MEDIANA',240.00,240.00,0.00,240.00,0,'2020-02-15 12:57:11','2020-02-15 12:57:11'),(146,61,1,'CLASSIC LT',1,'CLASSIC LT','COMBO CLASSIC L/T C/COCA COLA MEDIANA',350.00,350.00,0.00,350.00,0,'2020-02-15 13:00:01','2020-02-15 13:00:01'),(147,62,32,'COMBO BAHIENSE POLLO',1,'MILA POLLO CHICA','BAHIENSE L/T POLLO C/COCA COLA MEDIANA',190.00,190.00,0.00,190.00,0,'2020-02-15 13:09:05','2020-02-15 13:09:05'),(148,62,32,'COMBO BAHIENSE POLLO',1,'MILA POLLO CHICA','BAHIENSE L/T POLLO C/AGUA SABORIZADA MANZANA MEDIANA',190.00,190.00,0.00,190.00,0,'2020-02-15 13:09:05','2020-02-15 13:09:05'),(149,63,5,'GOLDEN CHICKEN',1,'GOLDEN CHICKEN','COMBO GOLDEN CHICKEN C/FANTA NARANJA MEDIANA',310.00,310.00,0.00,310.00,0,'2020-02-15 13:32:04','2020-02-15 13:32:04'),(150,64,12,'JAMES BOND',1,'JAMES BOND','COMBO JAMES BOND  C/FANTA NARANJA MEDIANA',340.00,340.00,0.00,340.00,0,'2020-02-15 13:33:46','2020-02-15 13:33:46'),(151,65,63,'LOMO CRIOLLO',1,'LOMO CRIOLLO','LOMO CRIOLLO  C/COCA ZERO MEDIANA',420.00,420.00,0.00,420.00,0,'2020-02-15 13:55:00','2020-02-15 13:55:00'),(152,66,29,'MINI BOX Tostado con jamn y queso',1,'JUNIOR TOST + papas','MINI BOX J/Q C/COCA COLA CHICA',285.00,285.00,0.00,285.00,0,'2020-02-15 20:08:37','2020-02-15 20:08:37'),(153,66,27,'MINI BOX Burger con queso',1,'HAMB. C/QUESO','MINI BOX HAMB. C/QUESO C/SPRITE CHICA',350.00,350.00,0.00,350.00,0,'2020-02-15 20:08:37','2020-02-15 20:08:37'),(154,66,31,'COMBO BAHIENSE',1,'JUNIOR L/T','BAHIENSE L/T C/SPRITE MEDIANA',190.00,190.00,0.00,190.00,0,'2020-02-15 20:08:37','2020-02-15 20:08:37'),(155,66,4,'JOTAQU',1,'JOTAQU','COMBO JOTAQU C/FANTA NARANJA MEDIANA',450.00,450.00,0.00,450.00,0,'2020-02-15 20:08:37','2020-02-15 20:08:37'),(156,67,27,'MINI BOX Burger con queso',1,'HAMB. C/QUESO','MINI BOX HAMB. C/QUESO C/FANTA NARANJA CHICA',350.00,350.00,0.00,350.00,0,'2020-02-15 20:15:02','2020-02-15 20:15:02'),(157,67,1,'CLASSIC LT',1,'CLASSIC LT','COMBO CLASSIC L/T C/COCA ZERO MEDIANA',350.00,350.00,0.00,350.00,0,'2020-02-15 20:15:02','2020-02-15 20:15:02'),(158,67,1,'CLASSIC LT',1,'CLASSIC LT','COMBO CLASSIC L/T C/LATA HEINEKEN MEDIANA',350.00,410.00,0.00,410.00,0,'2020-02-15 20:15:02','2020-02-15 20:15:02'),(159,68,11,'OLIVIA',1,'OLIVIA','COMBO HAMB. OLIVIA C/SPRITE MEDIANA',240.00,240.00,0.00,240.00,0,'2020-02-15 20:29:40','2020-02-15 20:29:40'),(160,69,27,'MINI BOX Burger con queso',1,'HAMB. C/QUESO','MINI BOX HAMB. C/QUESO C/COCA COLA CHICA',350.00,350.00,0.00,350.00,0,'2020-02-15 20:45:48','2020-02-15 20:45:48'),(161,69,19,'PAPAS GUAPAS',1,'','PAPAS GUAPAS',190.00,190.00,0.00,190.00,0,'2020-02-15 20:45:48','2020-02-15 20:45:48'),(162,69,64,'LOMO CABRN',1,'LOMO CABRON','LOMO CABRON  C/LATA IMPERIAL RUBIA  MEDIANA',495.00,555.00,0.00,555.00,0,'2020-02-15 20:45:48','2020-02-15 20:45:48'),(163,69,64,'LOMO CABRN',1,'LOMO CABRON','LOMO CABRON  C/LATA IMPERIAL RUBIA  MEDIANA',495.00,555.00,0.00,555.00,0,'2020-02-15 20:45:48','2020-02-15 20:45:48'),(164,70,32,'COMBO BAHIENSE POLLO',1,'MILA POLLO CHICA','BAHIENSE L/T POLLO C/COCA COLA MEDIANA',190.00,190.00,0.00,190.00,0,'2020-02-15 20:59:45','2020-02-15 20:59:45'),(165,70,32,'COMBO BAHIENSE POLLO',1,'MILA POLLO CHICA','BAHIENSE L/T POLLO C/COCA COLA MEDIANA',190.00,190.00,0.00,190.00,0,'2020-02-15 20:59:45','2020-02-15 20:59:45'),(166,70,1,'CLASSIC LT',1,'CLASSIC LT','COMBO CLASSIC L/T C/COCA COLA MEDIANA',350.00,350.00,0.00,350.00,0,'2020-02-15 20:59:45','2020-02-15 20:59:45'),(167,71,20,'PAPAS BRAVAS',1,'','PAPAS BRAVAS',190.00,190.00,0.00,190.00,0,'2020-02-15 21:03:40','2020-02-15 21:03:40'),(168,71,2,'BROOKLYN',1,'BROOKLYN','COMBO BROOKLYN C/SPRITE MEDIANA',410.00,410.00,0.00,410.00,0,'2020-02-15 21:03:40','2020-02-15 21:03:40'),(169,71,67,'FARMER',1,'FARMER','COMBO FARMER C/FANTA NARANJA MEDIANA',350.00,350.00,0.00,350.00,0,'2020-02-15 21:03:40','2020-02-15 21:03:40'),(170,72,30,'MINI BOX Nuggets x 4',1,'CHICKENS X 4','MINI BOX CHIKENS C/SPRITE CHICA',350.00,350.00,0.00,350.00,0,'2020-02-15 21:12:25','2020-02-15 21:12:25'),(171,72,32,'COMBO BAHIENSE POLLO',1,'MILA POLLO CHICA','BAHIENSE L/T POLLO C/COCA COLA MEDIANA',190.00,190.00,0.00,190.00,0,'2020-02-15 21:12:25','2020-02-15 21:12:25'),(172,72,32,'COMBO BAHIENSE POLLO',1,'MILA POLLO CHICA','BAHIENSE L/T POLLO C/SPRITE MEDIANA',190.00,190.00,0.00,190.00,0,'2020-02-15 21:12:25','2020-02-15 21:12:25'),(173,72,1,'CLASSIC LT',1,'CLASSIC LT','COMBO CLASSIC L/T C/SPRITE MEDIANA',350.00,350.00,0.00,350.00,0,'2020-02-15 21:12:25','2020-02-15 21:12:25'),(174,73,27,'MINI BOX Burger con queso',1,'HAMB. C/QUESO','MINI BOX HAMB. C/QUESO C/COCA COLA CHICA',350.00,350.00,0.00,350.00,0,'2020-02-15 21:21:30','2020-02-15 21:21:30'),(175,73,32,'COMBO BAHIENSE POLLO',1,'MILA POLLO CHICA','BAHIENSE L/T POLLO C/AGUA SABORIZADA PERA MEDIANA',190.00,190.00,0.00,190.00,0,'2020-02-15 21:21:30','2020-02-15 21:21:30'),(176,73,32,'COMBO BAHIENSE POLLO',1,'MILA POLLO CHICA','BAHIENSE L/T POLLO C/COCA COLA MEDIANA',190.00,190.00,0.00,190.00,0,'2020-02-15 21:21:30','2020-02-15 21:21:30'),(177,74,44,'JUGO CEPITA',1,'','JUGO CEPITA',60.00,60.00,0.00,60.00,0,'2020-02-15 21:25:03','2020-02-15 21:25:03'),(178,75,31,'COMBO BAHIENSE',1,'JUNIOR L/T','BAHIENSE L/T C/SPRITE MEDIANA',190.00,190.00,0.00,190.00,0,'2020-02-15 21:44:17','2020-02-15 21:44:17'),(179,75,31,'COMBO BAHIENSE',1,'JUNIOR L/T','BAHIENSE L/T C/COCA COLA MEDIANA',190.00,190.00,0.00,190.00,0,'2020-02-15 21:44:17','2020-02-15 21:44:17'),(180,75,31,'COMBO BAHIENSE',1,'JUNIOR L/T','BAHIENSE L/T C/FANTA NARANJA MEDIANA',190.00,190.00,0.00,190.00,0,'2020-02-15 21:44:17','2020-02-15 21:44:17'),(181,75,31,'COMBO BAHIENSE',1,'JUNIOR L/T','BAHIENSE L/T C/SPRITE MEDIANA',190.00,190.00,0.00,190.00,0,'2020-02-15 21:44:17','2020-02-15 21:44:17'),(182,76,1,'CLASSIC LT',1,'CLASSIC LT','COMBO CLASSIC L/T C/COCA ZERO MEDIANA',350.00,350.00,0.00,350.00,0,'2020-02-15 21:44:33','2020-02-15 21:44:33'),(183,77,31,'COMBO BAHIENSE',1,'JUNIOR L/T','BAHIENSE L/T C/COCA COLA MEDIANA',190.00,190.00,0.00,190.00,0,'2020-02-15 21:47:09','2020-02-15 21:47:09'),(184,77,1,'CLASSIC LT',1,'CLASSIC LT','COMBO CLASSIC L/T C/FANTA NARANJA MEDIANA',350.00,350.00,0.00,350.00,0,'2020-02-15 21:47:09','2020-02-15 21:47:09'),(185,77,31,'COMBO BAHIENSE',1,'JUNIOR L/T','BAHIENSE L/T C/COCA COLA MEDIANA',190.00,190.00,0.00,190.00,0,'2020-02-15 21:47:09','2020-02-15 21:47:09'),(186,78,30,'MINI BOX Nuggets x 4',1,'CHICKENS X 4','MINI BOX CHIKENS C/AGUA SIN GAS CHICA',350.00,350.00,0.00,350.00,0,'2020-02-15 21:55:52','2020-02-15 21:55:52'),(187,78,2,'BROOKLYN',1,'BROOKLYN','COMBO BROOKLYN C/AGUA SIN GAS MEDIANA',410.00,410.00,0.00,410.00,0,'2020-02-15 21:55:52','2020-02-15 21:55:52'),(188,78,31,'COMBO BAHIENSE',1,'JUNIOR L/T','BAHIENSE L/T C/FANTA NARANJA MEDIANA',190.00,190.00,0.00,190.00,0,'2020-02-15 21:55:52','2020-02-15 21:55:52'),(189,78,5,'GOLDEN CHICKEN',1,'GOLDEN CHICKEN','COMBO GOLDEN CHICKEN C/AGUA SABORIZADA POMELO MEDIANA',310.00,310.00,0.00,310.00,0,'2020-02-15 21:55:52','2020-02-15 21:55:52'),(190,79,66,'COMBO GLUTEN FREE',1,'COMBO GLUTEN FREE','COMBO GLUTEN FREE  C/COCA COLA MEDIANA',385.00,385.00,0.00,385.00,0,'2020-02-15 21:57:55','2020-02-15 21:57:55'),(191,80,35,'ENSALADA NIPONA',1,'','ENSALADA NIPONA',390.00,390.00,0.00,390.00,0,'2020-02-15 22:09:14','2020-02-15 22:09:14'),(192,80,31,'COMBO BAHIENSE',1,'JUNIOR L/T','BAHIENSE L/T C/COCA COLA MEDIANA',190.00,190.00,0.00,190.00,0,'2020-02-15 22:09:14','2020-02-15 22:09:14'),(193,80,6,'POLLO CRUNCHY',1,'POLLO CRUNCHY','COMBO POLLO CRUNCH C/AGUA SIN GAS MEDIANA',370.00,370.00,0.00,370.00,0,'2020-02-15 22:09:14','2020-02-15 22:09:14'),(194,80,1,'CLASSIC LT',1,'CLASSIC LT','COMBO CLASSIC L/T C/AGUA SIN GAS MEDIANA',350.00,350.00,0.00,350.00,0,'2020-02-15 22:09:14','2020-02-15 22:09:14'),(195,80,39,'AGUA SIN GAS',1,'','AGUA SIN GAS',70.00,70.00,0.00,70.00,0,'2020-02-15 22:09:14','2020-02-15 22:09:14'),(196,80,12,'JAMES BOND',1,'JAMES BOND','COMBO JAMES BOND  C/LATA HEINEKEN MEDIANA',340.00,400.00,0.00,400.00,0,'2020-02-15 22:09:14','2020-02-15 22:09:14'),(197,81,4,'JOTAQU',1,'JOTAQU','COMBO JOTAQU C/COCA COLA MEDIANA',450.00,450.00,0.00,450.00,0,'2020-02-15 22:18:31','2020-02-15 22:18:31'),(198,81,31,'COMBO BAHIENSE',1,'JUNIOR L/T','BAHIENSE L/T C/SPRITE MEDIANA',190.00,190.00,0.00,190.00,0,'2020-02-15 22:18:31','2020-02-15 22:18:31'),(199,82,1,'CLASSIC LT',1,'CLASSIC LT','COMBO CLASSIC L/T C/COCA COLA MEDIANA',350.00,350.00,0.00,350.00,0,'2020-02-15 22:22:25','2020-02-15 22:22:25'),(200,83,1,'CLASSIC LT',1,'CLASSIC LT','COMBO CLASSIC L/T C/COCA COLA MEDIANA',350.00,350.00,0.00,350.00,0,'2020-02-15 22:23:09','2020-02-15 22:23:09'),(201,83,45,'COCA COLA',1,'','COCA COLA MEDIANA',65.00,65.00,0.00,65.00,0,'2020-02-15 22:23:09','2020-02-15 22:23:09'),(202,84,32,'COMBO BAHIENSE POLLO',1,'MILA POLLO CHICA','BAHIENSE L/T POLLO C/COCA COLA MEDIANA',190.00,190.00,0.00,190.00,0,'2020-02-15 22:29:12','2020-02-15 22:29:12'),(203,84,32,'COMBO BAHIENSE POLLO',1,'MILA POLLO CHICA','BAHIENSE L/T POLLO C/COCA COLA MEDIANA',190.00,190.00,0.00,190.00,0,'2020-02-15 22:29:12','2020-02-15 22:29:12'),(204,84,32,'COMBO BAHIENSE POLLO',1,'MILA POLLO CHICA','BAHIENSE L/T POLLO C/COCA COLA MEDIANA',190.00,190.00,0.00,190.00,0,'2020-02-15 22:29:12','2020-02-15 22:29:12'),(205,85,32,'COMBO BAHIENSE POLLO',1,'MILA POLLO CHICA','BAHIENSE L/T POLLO C/FANTA NARANJA MEDIANA',190.00,190.00,0.00,190.00,0,'2020-02-15 22:54:01','2020-02-15 22:54:01'),(206,85,31,'COMBO BAHIENSE',1,'JUNIOR L/T','BAHIENSE L/T C/LATA IMPERIAL RUBIA  MEDIANA',190.00,250.00,0.00,250.00,0,'2020-02-15 22:54:01','2020-02-15 22:54:01'),(207,85,31,'COMBO BAHIENSE',1,'JUNIOR L/T','BAHIENSE L/T C/AGUA SABORIZADA PERA MEDIANA',190.00,190.00,0.00,190.00,0,'2020-02-15 22:54:01','2020-02-15 22:54:01'),(208,86,67,'FARMER',1,'FARMER','COMBO FARMER C/COCA COLA MEDIANA',350.00,350.00,0.00,350.00,0,'2020-02-16 20:12:28','2020-02-16 20:12:28'),(209,87,29,'MINI BOX Tostado con jamn y queso',1,'JUNIOR TOST + papas','MINI BOX J/Q C/AGUA SABORIZADA MANZANA CHICA',285.00,285.00,0.00,285.00,0,'2020-02-16 20:41:05','2020-02-16 20:41:05'),(210,87,12,'JAMES BOND',1,'JAMES BOND','COMBO JAMES BOND  C/AGUA SABORIZADA POMELO MEDIANA',340.00,340.00,0.00,340.00,0,'2020-02-16 20:41:05','2020-02-16 20:41:05'),(211,87,12,'JAMES BOND',1,'JAMES BOND','COMBO JAMES BOND  C/LATA IMPERIAL RUBIA  MEDIANA',340.00,400.00,0.00,400.00,0,'2020-02-16 20:41:05','2020-02-16 20:41:05'),(212,88,1,'CLASSIC LT',1,'CLASSIC LT','COMBO CLASSIC L/T C/COCA COLA MEDIANA',350.00,350.00,0.00,350.00,0,'2020-02-16 20:43:11','2020-02-16 20:43:11'),(213,88,19,'PAPAS GUAPAS',1,'','PAPAS GUAPAS',190.00,190.00,0.00,190.00,0,'2020-02-16 20:43:11','2020-02-16 20:43:11'),(214,88,39,'AGUA SIN GAS',1,'','AGUA SIN GAS',70.00,70.00,0.00,70.00,0,'2020-02-16 20:43:11','2020-02-16 20:43:11'),(215,88,45,'COCA COLA',1,'','COCA COLA MEDIANA',65.00,65.00,0.00,65.00,0,'2020-02-16 20:43:11','2020-02-16 20:43:11'),(216,89,4,'JOTAQU',1,'JOTAQU','COMBO JOTAQU C/COCA COLA MEDIANA',450.00,450.00,0.00,450.00,0,'2020-02-16 20:44:28','2020-02-16 20:44:28'),(217,90,30,'MINI BOX Nuggets x 4',1,'CHICKENS X 4','MINI BOX CHIKENS C/JUGO CEPITA MULTIFRUTAL CHICA',350.00,350.00,0.00,350.00,0,'2020-02-16 20:52:33','2020-02-16 20:52:33'),(218,90,64,'LOMO CABRN',1,'LOMO CABRON','LOMO CABRON  C/LATA IMPERIAL NEGRA MEDIANA',495.00,555.00,0.00,555.00,0,'2020-02-16 20:52:33','2020-02-16 20:52:33'),(219,91,4,'JOTAQU',1,'JOTAQU','COMBO JOTAQU C/SPRITE MEDIANA',450.00,450.00,0.00,450.00,0,'2020-02-16 20:57:19','2020-02-16 20:57:19'),(220,91,4,'JOTAQU',1,'JOTAQU','COMBO JOTAQU C/SPRITE MEDIANA',450.00,450.00,0.00,450.00,0,'2020-02-16 20:57:19','2020-02-16 20:57:19'),(221,92,5,'GOLDEN CHICKEN',1,'GOLDEN CHICKEN','COMBO GOLDEN CHICKEN C/SPRITE MEDIANA',310.00,310.00,0.00,310.00,0,'2020-02-16 20:59:54','2020-02-16 20:59:54'),(222,92,5,'GOLDEN CHICKEN',1,'GOLDEN CHICKEN','COMBO GOLDEN CHICKEN C/COCA COLA MEDIANA',310.00,310.00,0.00,310.00,0,'2020-02-16 20:59:54','2020-02-16 20:59:54'),(223,93,65,'MINI BOX POLLO',1,'MINI BOX POLLO','MINI BOX HAMB. C/QUESO C/COCA COLA CHICA',350.00,350.00,0.00,350.00,0,'2020-02-16 21:23:43','2020-02-16 21:23:43'),(224,93,27,'MINI BOX Burger con queso',1,'HAMB. C/QUESO','MINI BOX HAMB. C/QUESO C/COCA COLA CHICA',350.00,350.00,0.00,350.00,0,'2020-02-16 21:23:43','2020-02-16 21:23:43'),(225,93,32,'COMBO BAHIENSE POLLO',1,'MILA POLLO CHICA','BAHIENSE L/T POLLO C/AGUA SABORIZADA PERA MEDIANA',190.00,190.00,0.00,190.00,0,'2020-02-16 21:23:43','2020-02-16 21:23:43'),(226,93,32,'COMBO BAHIENSE POLLO',1,'MILA POLLO CHICA','BAHIENSE L/T POLLO C/FANTA NARANJA MEDIANA',190.00,190.00,0.00,190.00,0,'2020-02-16 21:23:43','2020-02-16 21:23:43'),(227,94,63,'LOMO CRIOLLO',1,'LOMO CRIOLLO','LOMO CRIOLLO  C/COCA COLA MEDIANA',420.00,420.00,0.00,420.00,0,'2020-02-16 21:46:42','2020-02-16 21:46:42'),(228,94,6,'POLLO CRUNCHY',1,'POLLO CRUNCHY','COMBO POLLO CRUNCH C/COCA ZERO MEDIANA',370.00,370.00,0.00,370.00,0,'2020-02-16 21:46:42','2020-02-16 21:46:42'),(229,95,63,'LOMO CRIOLLO',1,'LOMO CRIOLLO','LOMO CRIOLLO  C/COCA COLA MEDIANA',420.00,420.00,0.00,420.00,0,'2020-02-16 21:48:38','2020-02-16 21:48:38'),(230,95,6,'POLLO CRUNCHY',1,'POLLO CRUNCHY','COMBO POLLO CRUNCH C/COCA ZERO MEDIANA',370.00,370.00,0.00,370.00,0,'2020-02-16 21:48:38','2020-02-16 21:48:38'),(231,96,6,'POLLO CRUNCHY',1,'POLLO CRUNCHY','COMBO POLLO CRUNCH C/COCA ZERO MEDIANA',370.00,370.00,0.00,370.00,0,'2020-02-16 21:49:28','2020-02-16 21:49:28'),(232,96,63,'LOMO CRIOLLO',1,'LOMO CRIOLLO','LOMO CRIOLLO  C/COCA COLA MEDIANA',420.00,420.00,0.00,420.00,0,'2020-02-16 21:49:28','2020-02-16 21:49:28');
/*!40000 ALTER TABLE `order_items` ENABLE KEYS */;
UNLOCK TABLES;

--
-- Table structure for table `printer_error`
--

DROP TABLE IF EXISTS `printer_error`;
/*!40101 SET @saved_cs_client     = @@character_set_client */;
 SET character_set_client = utf8mb4 ;
CREATE TABLE `printer_error` (
  `id` int(11) NOT NULL AUTO_INCREMENT,
  `order_number` varchar(255) DEFAULT '',
  `printer_id` int(11) DEFAULT NULL,
  `printer_interface` varchar(255) DEFAULT '',
  `printer_name` varchar(255) DEFAULT '',
  `error_message` varchar(255) DEFAULT '',
  `created_at` datetime NOT NULL,
  `updated_at` datetime NOT NULL,
  PRIMARY KEY (`id`)
) ENGINE=InnoDB DEFAULT CHARSET=utf8;
/*!40101 SET character_set_client = @saved_cs_client */;

--
-- Dumping data for table `printer_error`
--

LOCK TABLES `printer_error` WRITE;
/*!40000 ALTER TABLE `printer_error` DISABLE KEYS */;
/*!40000 ALTER TABLE `printer_error` ENABLE KEYS */;
UNLOCK TABLES;

--
-- Table structure for table `product`
--

DROP TABLE IF EXISTS `product`;
/*!40101 SET @saved_cs_client     = @@character_set_client */;
 SET character_set_client = utf8mb4 ;
CREATE TABLE `product` (
  `id` int(11) NOT NULL AUTO_INCREMENT,
  `code` varchar(255) NOT NULL,
  `name` varchar(255) NOT NULL,
  `description` varchar(255) NOT NULL,
  `kitchen_text` varchar(255) DEFAULT '',
  `ticket_text` varchar(255) NOT NULL,
  `category_id` int(11) NOT NULL,
  `price` decimal(10,2) DEFAULT '0.00',
  `small_price` decimal(10,2) DEFAULT '0.00',
  `medium_price` decimal(10,2) DEFAULT '0.00',
  `big_price` decimal(10,2) DEFAULT '0.00',
  `flavor_1` varchar(255) DEFAULT '',
  `flavor_2` varchar(255) DEFAULT '',
  `flavor_3` varchar(255) DEFAULT '',
  `flavor_4` varchar(255) DEFAULT '',
  `image` varchar(255) DEFAULT '',
  `is_combo` int(11) DEFAULT '0',
  `has_alcohol` int(11) DEFAULT '0',
  `status_id` int(11) DEFAULT '1',
  `created_at` datetime NOT NULL,
  `updated_at` datetime NOT NULL,
  PRIMARY KEY (`id`),
  UNIQUE KEY `product_code` (`code`)
) ENGINE=InnoDB AUTO_INCREMENT=68 DEFAULT CHARSET=utf8;
/*!40101 SET character_set_client = @saved_cs_client */;

--
-- Dumping data for table `product`
--

LOCK TABLES `product` WRITE;
/*!40000 ALTER TABLE `product` DISABLE KEYS */;
INSERT INTO `product` VALUES (1,'02-001','CLASSIC LT','Cheddar, lechuga y tomate','CLASSIC LT','COMBO CLASSIC L/T C/{GASEOSA}',2,350.00,0.00,0.00,0.00,'','','','','p_1.jpg',1,0,1,'2019-02-18 23:05:01','2020-01-28 12:28:53'),(2,'02-002','BROOKLYN','Panceta, cheddar, cebolla, pepinillos y barbacoa','BROOKLYN','COMBO BROOKLYN C/{GASEOSA}',2,410.00,0.00,0.00,0.00,'','','','','p_2.jpg',1,0,1,'2019-02-18 23:06:08','2020-01-28 12:29:14'),(3,'02-003','BESTIA','Panceta, cheddar, cebolla, pepinillos y barbacoa','BESTIA','COMBO BESTIA C/{GASEOSA}',2,495.00,0.00,0.00,0.00,'','','','','p_3.jpg',1,0,1,'2019-02-18 23:06:57','2020-01-28 12:29:33'),(4,'02-004','JOTAQU','Doble carne, doble jamn, doble queso, lechuga y tomate. Aderezo Mostanesa','JOTAQU','COMBO JOTAQU C/{GASEOSA}',2,450.00,0.00,0.00,0.00,'','','','','p_4.jpg',1,0,1,'2019-02-18 23:08:08','2020-01-28 12:30:21'),(5,'02-005','GOLDEN CHICKEN','Pechuga de pollo marinada, queso, tomate y cebolla morada. Aderezo crema de palta','GOLDEN CHICKEN','COMBO GOLDEN CHICKEN C/{GASEOSA}',1,310.00,0.00,0.00,0.00,'','','','','p_5.jpg',1,0,1,'2019-02-18 23:09:14','2020-01-28 12:30:34'),(6,'02-006','POLLO CRUNCHY','Milanesa de pechuga en pan ciabatta con aceitunas negras, muzza y tomate. Aderezo mayo de albahaca.','POLLO CRUNCHY','COMBO POLLO CRUNCH C/{GASEOSA}',1,370.00,0.00,0.00,0.00,'','','','','p_6.jpg',1,0,1,'2019-02-18 23:10:28','2020-01-28 12:30:46'),(11,'02-011','OLIVIA','Hamburguesa de calabaza, muzza, rcula, tomate, cebolla morada. Aderezo mayo de albahaca.','OLIVIA','COMBO HAMB. OLIVIA C/{GASEOSA}',2,240.00,0.00,0.00,0.00,'','','','','p_b.jpg',1,0,1,'2019-02-20 18:16:00','2020-01-28 12:31:03'),(12,'02-012','JAMES BOND','Bondiola de cerdo, queso, lechuga y tomate. Aderezo chiminesa','JAMES BOND','COMBO JAMES BOND  C/{GASEOSA}',1,340.00,0.00,0.00,0.00,'','','','','p_c.jpg',1,0,1,'2019-02-20 18:17:08','2020-01-28 12:31:16'),(19,'04-019','PAPAS GUAPAS','con panceta y cheddar!','','PAPAS GUAPAS',4,190.00,0.00,0.00,0.00,'','','','','p_13.jpg',0,0,1,'2019-02-20 18:33:47','2020-01-28 12:36:17'),(20,'04-020','PAPAS BRAVAS','Papas con champignones salteados y ciboulette! Espolvoreadas con aj y pimentn','','PAPAS BRAVAS',4,190.00,0.00,0.00,0.00,'','','','','p_14.jpg',0,0,1,'2019-02-20 18:34:27','2020-01-28 12:36:24'),(22,'04-022','PAPAS  CHICAS','Crujientes y deliciosas!','','PAPAS  CHICAS',4,80.00,0.00,0.00,0.00,'','','','','p_16.jpg',0,0,1,'2019-02-20 18:35:52','2020-01-28 12:36:46'),(23,'04-023','PAPAS  MEDIANAS','Crujientes y deliciosas!','','PAPAS  MEDIANAS',4,90.00,0.00,0.00,0.00,'','','','','p_17.jpg',0,0,1,'2019-02-20 18:36:49','2020-01-28 12:37:00'),(24,'04-024','PAPAS  GRANDES','Crujientes y deliciosas!','','PAPAS  GRANDES',4,100.00,0.00,0.00,0.00,'','','','','p_18.jpg',0,0,1,'2019-02-20 18:37:20','2020-01-28 12:37:20'),(26,'04-026','PAPAS GLUTEN FREE','Papas fritas sin TACC','','PAPAS SIN TACC',4,90.00,0.00,0.00,0.00,'','','','','p_1a.jpg',0,0,2,'2019-02-20 18:38:57','2020-01-28 12:37:31'),(27,'02-027','MINI BOX Burger con queso','Hamburguesa de carne con queso + papas y gaseosa chica + Kinder','HAMB. C/QUESO','MINI BOX HAMB. C/QUESO C/{GASEOSA}',6,350.00,0.00,0.00,0.00,'','','','','p_1b.jpg',1,0,1,'2019-02-20 18:40:11','2020-01-28 12:31:37'),(29,'02-029','MINI BOX Tostado con jamn y queso','Tostado de jamn y queso + papas + gaseosa chica + Kinder','JUNIOR TOST + papas','MINI BOX J/Q C/{GASEOSA}',6,285.00,0.00,0.00,0.00,'','','','','p_1d.jpg',1,0,1,'2019-02-20 18:42:59','2020-01-28 12:31:51'),(30,'02-030','MINI BOX Nuggets x 4','Patitas de pollo  + papas y gaseosa chica + Kinder','CHICKENS X 4','MINI BOX CHIKENS C/{GASEOSA}',6,350.00,0.00,0.00,0.00,'','','','','p_1e.jpg',1,0,1,'2019-02-20 18:44:35','2020-01-28 12:32:06'),(31,'02-031','COMBO BAHIENSE','Hamburguesa junior con lechuga y tomate','JUNIOR L/T','BAHIENSE L/T C/{GASEOSA}',2,190.00,0.00,0.00,0.00,'','','','','p_1f.jpg',1,0,1,'2019-02-20 18:45:40','2020-01-28 12:32:31'),(32,'02-032','COMBO BAHIENSE POLLO','Medalln de pollo junior con lechuga y tomate','MILA POLLO CHICA','BAHIENSE L/T POLLO C/{GASEOSA}',2,190.00,0.00,0.00,0.00,'','','','','p_20.jpg',1,0,1,'2019-02-20 18:46:49','2020-01-28 12:32:39'),(34,'03-034','ENSALADA VERDE','Lechuga, zanahoria, nuez, aceitunas negras, queso en cubos, cherries y zucchini asados en oliva.','','ENSALADA VERDE',3,285.00,0.00,0.00,0.00,'','','','','p_22.jpg',0,0,1,'2019-02-20 18:48:47','2020-01-28 12:34:44'),(35,'03-035','ENSALADA NIPONA','Mix de hojas verdes, salmn ahumado, rcula, cherries, cebolla morada, crema de palta y ssamo. ','','ENSALADA NIPONA',3,390.00,0.00,0.00,0.00,'','','','','p_23.jpg',0,0,1,'2019-02-20 18:50:05','2020-01-28 12:34:58'),(36,'03-036','ENSALADA CAESAR','Lechuga, cherries, croutons, cubos de pechuga grillada y queso parmesano. Aderezo salsa caesar.','','ENSALADA CAESAR ',3,350.00,0.00,0.00,0.00,'','','','','p_24.jpg',0,0,1,'2019-02-20 18:51:04','2020-01-28 12:35:42'),(37,'03-037','ENSALADA TUTTI','Arroz, cherries, choclo en granos, queso, jamn cocido y cubos de pechuga grillada.','','ENSALADA TUTTI',3,350.00,0.00,0.00,0.00,'','','','','p_25.jpg',0,0,1,'2019-02-20 18:51:46','2020-01-28 12:36:02'),(38,'05-038','AGUA SABORIZADA','AGUA SABORIZADA','','AGUA SABORIZADA',5,85.00,0.00,0.00,0.00,'Pomelo','Manzana','Pera','','p_26.jpg',1,0,1,'2019-02-20 18:54:15','2020-01-28 12:37:50'),(39,'05-039','AGUA SIN GAS','AGUA SIN GAS','','AGUA SIN GAS',5,70.00,0.00,0.00,0.00,'','','','','p_27.jpg',1,0,1,'2019-02-20 18:54:34','2020-01-28 12:38:00'),(41,'05-041','LATA IMPERIAL STOUT','LATA IMPERIAL NEGRA','','LATA IMPERIAL NEGRA',5,155.00,0.00,0.00,0.00,'','','','','p_29.jpg',1,1,1,'2019-02-20 18:55:08','2020-01-28 12:38:18'),(42,'05-042','LATA IMPERIAL RUBIA ','LATA IMPERIAL RUBIA ','','LATA IMPERIAL RUBIA ',5,130.00,0.00,0.00,0.00,'','','','','p_2a.jpg',1,1,1,'2019-02-20 18:55:26','2020-01-28 12:38:43'),(43,'05-043','LATA HEINEKEN','LATA HEINEKEN','','LATA HEINEKEN',5,155.00,0.00,0.00,0.00,'','','','','p_2b.jpg',1,1,1,'2019-02-20 18:55:43','2020-01-28 12:38:54'),(44,'05-044','JUGO CEPITA','JUGO CEPITA','','JUGO CEPITA',5,60.00,0.00,0.00,0.00,'Multifrutal','Manzana','Naranja','','p_2c.jpg',1,0,1,'2019-02-20 18:55:58','2020-01-28 12:39:24'),(45,'05-045','COCA COLA','COCA COLA','','COCA COLA',5,0.00,50.00,65.00,80.00,'','','','','p_2d.jpg',1,0,1,'2019-02-20 18:56:19','2019-09-07 11:37:56'),(48,'05-048','FANTA NARANJA','FANTA NARANJA','','FANTA NARANJA',5,0.00,50.00,65.00,80.00,'','','','','p_30.jpg',1,0,1,'2019-02-20 18:57:06','2019-09-07 11:40:21'),(51,'05-051','SPRITE','SPRITE','','SPRITE',5,0.00,50.00,65.00,80.00,'','','','','p_33.jpg',1,0,1,'2019-02-20 18:57:54','2019-09-07 11:39:40'),(54,'05-054','COCA ZERO','COCA ZERO','','COCA ZERO',5,0.00,50.00,65.00,80.00,'','','','','p_36.jpg',1,0,1,'2019-02-20 18:58:49','2019-09-07 11:38:40'),(57,'05-057','AGUA CON GAS','AGUA CON GAS','','AGUA CON GAS',5,70.00,0.00,0.00,0.00,'','','','','p_39.jpg',1,0,1,'2019-02-20 18:59:38','2020-01-28 12:39:54'),(61,'05-061','JUGO ADES','JUGO ADES','','JUGO ADES',5,60.00,0.00,0.00,0.00,'Frutas tropicales','Manzana','Naranja','','p_3d.jpg',1,0,1,'2019-02-20 19:00:43','2020-01-28 12:40:05'),(63,'01-062','LOMO CRIOLLO','Doble bife de lomo, muzza, lechuga, tomate y chiminesa','LOMO CRIOLLO','LOMO CRIOLLO  C/{GASEOSA}',1,420.00,0.00,0.00,0.00,'','','','','p_3f.jpg',1,0,1,'2019-11-07 11:46:50','2020-01-28 12:28:34'),(64,'01-064','LOMO CABRN','Doble bife de lomo, cheddar, panceta, cebolla morada, lechuga y tomate','LOMO CABRON','LOMO CABRON  C/{GASEOSA}',1,495.00,0.00,0.00,0.00,'','','','','p_40.jpg',1,0,1,'2019-11-07 11:48:51','2020-01-28 12:28:17'),(65,'06-065','MINI BOX POLLO','Medalln de pollo con queso + papas y gaseosa chica + Kinder','MINI BOX POLLO','MINI BOX HAMB. C/QUESO C/{GASEOSA}',6,350.00,0.00,0.00,0.00,'','','','','p_41.jpg',1,0,1,'2019-11-07 11:54:31','2020-01-28 12:40:23'),(66,'02-066','COMBO GLUTEN FREE','Hamburguesa sin tacc, lechuga tomate en pan sin tacc','COMBO GLUTEN FREE','COMBO GLUTEN FREE  C/{GASEOSA}',2,385.00,0.00,0.00,0.00,'','','','','p_42.jpg',1,0,1,'2019-11-07 12:00:32','2020-01-28 12:34:13'),(67,'02-067','FARMER','Lomito ahumado, repollo blanco, cheddar y aderezo mostaneza','FARMER','COMBO FARMER C/{GASEOSA}',2,350.00,0.00,0.00,0.00,'','','','','p_43.jpg',1,0,1,'2019-11-20 11:02:13','2020-01-28 12:34:24');
/*!40000 ALTER TABLE `product` ENABLE KEYS */;
UNLOCK TABLES;

--
-- Table structure for table `product_discount`
--

DROP TABLE IF EXISTS `product_discount`;
/*!40101 SET @saved_cs_client     = @@character_set_client */;
 SET character_set_client = utf8mb4 ;
CREATE TABLE `product_discount` (
  `id` int(11) NOT NULL AUTO_INCREMENT,
  `product_id` int(11) DEFAULT NULL,
  `discount_id` int(11) DEFAULT NULL,
  `created_at` datetime NOT NULL,
  `updated_at` datetime NOT NULL,
  PRIMARY KEY (`id`)
) ENGINE=InnoDB DEFAULT CHARSET=utf8;
/*!40101 SET character_set_client = @saved_cs_client */;

--
-- Dumping data for table `product_discount`
--

LOCK TABLES `product_discount` WRITE;
/*!40000 ALTER TABLE `product_discount` DISABLE KEYS */;
/*!40000 ALTER TABLE `product_discount` ENABLE KEYS */;
UNLOCK TABLES;

--
-- Table structure for table `status`
--

DROP TABLE IF EXISTS `status`;
/*!40101 SET @saved_cs_client     = @@character_set_client */;
 SET character_set_client = utf8mb4 ;
CREATE TABLE `status` (
  `id` int(11) NOT NULL AUTO_INCREMENT,
  `name` varchar(255) NOT NULL,
  `created_at` datetime NOT NULL,
  `updated_at` datetime NOT NULL,
  PRIMARY KEY (`id`),
  UNIQUE KEY `status_name` (`name`)
) ENGINE=InnoDB AUTO_INCREMENT=3 DEFAULT CHARSET=utf8;
/*!40101 SET character_set_client = @saved_cs_client */;

--
-- Dumping data for table `status`
--

LOCK TABLES `status` WRITE;
/*!40000 ALTER TABLE `status` DISABLE KEYS */;
INSERT INTO `status` VALUES (1,'Activo','2017-10-03 20:55:57','2017-10-03 20:55:57'),(2,'Inactivo','2017-10-03 20:56:01','2017-10-03 20:56:01');
/*!40000 ALTER TABLE `status` ENABLE KEYS */;
UNLOCK TABLES;

--
-- Table structure for table `totem`
--

DROP TABLE IF EXISTS `totem`;
/*!40101 SET @saved_cs_client     = @@character_set_client */;
 SET character_set_client = utf8mb4 ;
CREATE TABLE `totem` (
  `id` int(11) NOT NULL AUTO_INCREMENT,
  `name` varchar(255) NOT NULL,
  `status_id` int(11) DEFAULT '0',
  `created_at` datetime NOT NULL,
  `updated_at` datetime NOT NULL,
  PRIMARY KEY (`id`),
  UNIQUE KEY `totem_name` (`name`)
) ENGINE=InnoDB AUTO_INCREMENT=2 DEFAULT CHARSET=utf8;
/*!40101 SET character_set_client = @saved_cs_client */;

--
-- Dumping data for table `totem`
--

LOCK TABLES `totem` WRITE;
/*!40000 ALTER TABLE `totem` DISABLE KEYS */;
INSERT INTO `totem` VALUES (1,'TOTEM01',1,'2019-03-01 21:25:00','2019-12-17 14:12:04');
/*!40000 ALTER TABLE `totem` ENABLE KEYS */;
UNLOCK TABLES;

--
-- Table structure for table `user`
--

DROP TABLE IF EXISTS `user`;
/*!40101 SET @saved_cs_client     = @@character_set_client */;
 SET character_set_client = utf8mb4 ;
CREATE TABLE `user` (
  `id` int(11) NOT NULL AUTO_INCREMENT,
  `user_name` varchar(255) NOT NULL,
  `password` varchar(255) NOT NULL,
  `full_name` varchar(255) NOT NULL,
  `photo` varchar(255) DEFAULT '',
  `status_id` int(11) DEFAULT '1',
  `created_at` datetime NOT NULL,
  `updated_at` datetime NOT NULL,
  PRIMARY KEY (`id`),
  UNIQUE KEY `user_user_name` (`user_name`)
) ENGINE=InnoDB AUTO_INCREMENT=7 DEFAULT CHARSET=utf8;
/*!40101 SET character_set_client = @saved_cs_client */;

--
-- Dumping data for table `user`
--

LOCK TABLES `user` WRITE;
/*!40000 ALTER TABLE `user` DISABLE KEYS */;
INSERT INTO `user` VALUES (1,'omar','$2b$10$x54GfYXSWBxuRHwtgZfHo.TMnG78YoGgIiT1Go7Oq.e3rChhnTiLC','Omar Melendrez','',1,'2019-02-28 20:23:49','2019-02-28 20:42:23'),(3,'gustavo','$2b$10$xSqV1eZc9o0XQi5Lg4iQS.qXaCaiTifvJ0BhOQljksVNznGg1DpqK','Gustavo Buffo','',1,'2019-07-30 09:25:47','2019-07-30 09:25:47'),(4,'pamela','$2b$10$sMRETCjXFqSe1AuHSYq0v.YIbSo06Gky3nd4OTUGCedY4.UxVqUFS','Pamela Melinger','',1,'2019-07-30 09:36:54','2019-07-30 09:36:54'),(5,'alejandro','$2b$10$0qPsMvRlGF5ldJIGMWmpqemKk/DaLtKnPNxhJL4CPCZSATdS85PWe','Alejandro Valentini','',1,'2019-07-30 09:40:00','2019-07-30 09:40:00');
/*!40000 ALTER TABLE `user` ENABLE KEYS */;
UNLOCK TABLES;
/*!40103 SET TIME_ZONE=@OLD_TIME_ZONE */;

/*!40101 SET SQL_MODE=@OLD_SQL_MODE */;
/*!40014 SET FOREIGN_KEY_CHECKS=@OLD_FOREIGN_KEY_CHECKS */;
/*!40014 SET UNIQUE_CHECKS=@OLD_UNIQUE_CHECKS */;
/*!40101 SET CHARACTER_SET_CLIENT=@OLD_CHARACTER_SET_CLIENT */;
/*!40101 SET CHARACTER_SET_RESULTS=@OLD_CHARACTER_SET_RESULTS */;
/*!40101 SET COLLATION_CONNECTION=@OLD_COLLATION_CONNECTION */;
/*!40111 SET SQL_NOTES=@OLD_SQL_NOTES */;

-- Dump completed on 2020-02-17  0:00:01
